"hotel_id","name","address","phone_number"
1,Mcguire LLC,"2813 Mitchell Mountains Suite 741, North Marcuschester, ID 50422","863.841.1344x50"
2,Buck-Bailey,"371 Garrett Club, West Diana, MS 25948",(278)473-3527
3,Martinez-Hester,"611 Gardner Overpass Suite 283, Gallagherview, MI 84157","001-582-742-281"
4,Tucker-Benitez,"250 Sweeney Parkways Apt. 651, Longport, NJ 60249","545.763.8227"
5,Peterson-Reed,"257 Cynthia Cove, Anthonyfurt, TX 25447",(812)273-5491
6,"Anderson, Morris and Wilson","USNS Brown, FPO AA 36661",(487)299-2520
7,Heath-Baird,"23521 Wilson Squares Apt. 411, West Timothyfort, NM 61022",(959)767-0030
8,Lewis-Olson,"071 Jessica Plaza, New Zachary, NM 63233","001-475-330-613"
9,"Tate, Cohen and Brown","2244 Brittany Centers, Melissaland, OR 05763","219-681-1631x11"
10,Simpson PLC,"895 Martin Spur Apt. 159, Ricktown, SD 90343","906-853-8294x25"
11,Anderson-Peters,"83310 Perkins Meadows Suite 446, North Kennethfort, AK 01620","329-340-7803"
12,Aguirre-Bartlett,"6189 Daniel Greens Suite 631, West Paulton, ND 28679","418.634.5429"
13,Burns Group,"46471 Castillo Prairie Apt. 626, Lake Jason, HI 37773","584.714.6883x57"
14,Pearson Inc,"14710 Miguel Motorway Suite 235, Johnchester, ND 74957","697.977.0961"
15,"Owens, Bailey and Carter","040 Jonathan Summit, Sullivanshire, WY 17543",(726)633-8681x8
16,"Gray, Chavez and Crosby","USNS Oconnor, FPO AP 79490","771-481-5029x39"
17,Summers Group,"93209 Elizabeth Curve, Lake Cassidy, FL 29143","602.871.5458x47"
18,Schultz Group,"18119 Riggs Row Apt. 469, Tonyburgh, NC 58471",+1-357-701-5404
19,Benson-Perez,"7402 Cook Port Suite 768, East Brett, AK 15479","630-923-4329"
20,Roberts Ltd,"2023 Courtney Roads, North Sandra, AK 10751","001-591-984-991"
21,Bridges-Murray,"6508 Olson Mountain Apt. 267, West Tracey, VA 51564","433.723.2759x78"
22,Vargas Group,"69009 Erin Walks, South Lauren, AK 55912",+1-239-759-9889
23,Simmons Group,"9976 Cooper Grove, New Mercedeston, NV 93276",+1-734-688-8139
24,Cortez-Cohen,"1543 Aguilar Crossing, Rodriguezville, OK 55626","001-784-427-987"
25,Jordan LLC,"3348 Morton Club, Port Michaelberg, NM 16687",+1-455-371-9187
26,"Allen, Davis and Bryan","9703 Albert Fork, Melissastad, FL 17079","225.284.3700x20"
27,Morales Ltd,"631 Ramos Valley Apt. 786, Hudsonstad, AK 47843",(845)323-3045
28,Guerra Ltd,"5598 Melanie Junctions, Lake Andrew, MO 55393","492.266.5364"
29,"Henderson, Gregory and Ferguson","56973 Parker Overpass, Crystalburgh, ID 70230","431.231.6736"
30,Castillo Group,"32433 John Junctions Suite 071, Curtistown, NM 32630","357-476-2617"
31,Collins and Sons,"4441 Villarreal Crescent Suite 817, Wallberg, NH 68225","841.597.8394"
32,Nunez-Smith,"7790 Shannon Shoal, Clarkeview, ME 46693",(875)249-8407x1
33,Martinez and Sons,"4542 Coleman Extensions Suite 905, Port Jeffreychester, CO 67917","883-725-1638x34"
34,Jackson-Melendez,"954 Thompson Squares, Marktown, RI 44551",(223)532-3336
35,"Quinn, Mills and Long","893 Richmond Circle Apt. 332, Lake Danielleside, AZ 43952","4193355199"
36,Baldwin-Cook,"0166 King Isle, Teresamouth, NJ 61060","001-684-636-522"
37,Waller Ltd,"466 Dale Flat, Dianemouth, FL 48664","001-216-271-247"
38,"Vasquez, Callahan and Johnson","368 Johnson Parkways, Robertberg, NV 46163","271.273.8284x84"
39,"Burns, Mccoy and Walters","72255 James Drive, West Paula, AR 41545","274-271-6524x63"
40,"Freeman, Lowe and Walker","051 Mata Fork, Danielland, AK 58737",(288)682-9168x8
41,Oconnor-Harris,"759 Cynthia Loop Apt. 202, East Kevin, VA 23932",+1-917-270-8333
42,Vaughn-Massey,"835 Erica Spring, Mcdowellton, ND 17423","924-471-0792x07"
43,"Stafford, Scott and Harvey","974 Tony Underpass Suite 446, New Randallland, WA 43226",+1-313-206-0687
44,Taylor Group,"3778 Mcgee Grove Apt. 372, Marychester, SD 18806",(969)906-6821x6
45,"Gray, Hicks and Bender","33367 Robert Plains, Johnsonborough, MP 84171","357-808-1689x88"
46,"Duncan, Hall and Robinson","470 Guerra Points Suite 340, Thompsonmouth, AR 29380",(392)325-1042
47,Reed PLC,"34780 Clarke Locks, Victoriaville, NE 41423","863.400.3684x77"
48,Maldonado-Singleton,"747 Andrews Burg Suite 572, East Tinaview, VI 18467","001-328-407-063"
49,"Sanders, Padilla and Arroyo","751 Morrison Mills Suite 848, Tylerton, DC 31964",+1-367-512-2040
50,Smith and Sons,"2611 Melanie Corner, Jacksonside, ID 95848","722.499.5922x86"
51,Smith-Lara,"4308 Cole Port Suite 970, Rodrigueztown, RI 94616","4297704080"
52,"Brown, Hoover and Kirk","03625 Wright Locks, Fergusonchester, LA 82473","545-848-6026x66"
53,"Hansen, Foster and Wise","7655 Kelly Spur, Desireechester, KY 45352",(956)781-4269x5
54,"Ray, Perkins and Weber","9196 Greg Tunnel Suite 159, North Jackview, KY 78375",(413)320-4833
55,"Allen, Harris and Mcclain","721 Gonzalez Inlet, Kathleenland, VI 75174","2532690829"
56,"Alvarez, Mcgee and Rogers","60107 Bailey Street, West Scott, OH 73054","990-978-3018x66"
57,Mclaughlin-Perry,"936 Kevin Villages Suite 472, New Victortown, AZ 36761","665-739-4224x54"
58,"Mayer, Cardenas and Meyer","78959 Drake Plains, New Kathleenmouth, CA 80836",+1-658-601-8933
59,"Foster, Bailey and Curry","944 Brady Prairie, East Christopher, SC 15644","001-786-877-428"
60,Ellis-Preston,"29903 David Manors Apt. 262, New Timothy, OK 83604",(595)580-8945
61,"Martin, Whitehead and Nelson","99646 Michael Turnpike Suite 767, Seanhaven, WI 37521",(949)769-8777x1
62,Sweeney Group,"202 Norris Ford Apt. 044, West Phyllisbury, MI 77442","001-497-557-518"
63,Brown-Larson,"402 Michael Common Apt. 834, East Leonard, SC 23209","2659834452"
64,Wagner LLC,"9400 Adam Trafficway, New Kari, WY 86633",+1-450-983-7161
65,Doyle Inc,"33514 Charles Point, Webbville, NC 16028","001-812-994-736"
66,Jackson and Sons,"7909 Medina Prairie Suite 364, South Robert, MS 67614","3598464764"
67,"Wilson, Murphy and Vaughan","PSC 9108, Box 5581, APO AA 77375",(878)947-1099x2
68,"Riley, Mclaughlin and Cabrera","2841 Stevenson Circles Apt. 231, Barnesborough, RI 96587","509.287.0814"
69,Walker Ltd,"00945 Lisa Path Apt. 853, Pageport, SD 57435","001-265-389-894"
70,Horton LLC,"5286 Miller Lights Apt. 817, Kellystad, KS 72575","660-201-6123x86"
71,Perry and Sons,"075 Rebecca Cliff Suite 479, North Brian, WY 69152","970.584.0378"
72,Jackson Ltd,"2654 Amy Tunnel, Port Abigail, MH 05003",+1-346-470-4918
73,Torres Ltd,"1912 Powell Port, Rojasview, MA 11340",(935)444-6644x1
74,Patterson-Jones,"34034 Grant Place Apt. 362, New Olivia, TN 00502",(943)800-1172x9
75,Garner-Olson,"043 Johnston Ridges, North Jenniferberg, NE 66888",(954)548-1543
76,"Cunningham, Moses and Barnett","670 Kelley Walk Suite 142, South Paige, PR 90211","354-540-6866x49"
77,Castro-Bryant,"7546 Sherry Spurs, Lake Edwardtown, PW 11313",(973)323-7541x6
78,Stout LLC,"123 Tanner Inlet, Holmesville, WY 51978","899-514-6568x86"
79,Davis Group,"USNV Gardner, FPO AA 06570","502.943.7818x36"
80,"Clarke, Murphy and Allison","951 Phelps Streets, Lake Monicastad, MS 15753","001-444-732-779"
81,"Mckinney, Rojas and Meyer","204 John Club, East Jonathan, CT 31872","497.333.7706"
82,Rodriguez-Brooks,"25209 Mason Vista, Dennisburgh, NH 95356","001-413-317-157"
83,Booker Group,"913 Smith Trail, Morganland, TN 13102",(251)720-8683x3
84,Acosta LLC,"16337 Jenkins Hills Apt. 750, New Melissafurt, WA 38493","001-906-259-820"
85,Elliott Group,"4507 Hogan Path, Martinezside, OR 68959","001-780-375-104"
86,Gallegos Ltd,"40853 Brandon Street Apt. 667, West Carlahaven, NJ 16345",+1-271-566-3069
87,Bailey-Evans,"91415 Johnson Center Apt. 424, New Beth, PW 76254",(795)971-5163x2
88,Evans-Walton,"1911 Clark Islands Apt. 362, Daviesville, TN 15135","337.969.0628"
89,Mcbride PLC,"390 Campbell Ways, Taylorton, KY 69336",+1-420-944-2019
90,Keller and Sons,"2916 Lucero Glens, West Emilyborough, TN 09958","377-419-2329"
91,Rodriguez PLC,"54624 Sanders Spur, East Anthony, GU 19939",+1-327-780-2952
92,Blake Ltd,"13372 Kevin Crossing, Port Diana, DC 89248","001-746-547-050"
93,Greene-Barnes,"882 Sarah Meadows Suite 161, Dianaport, VT 81760",+1-689-821-3120
94,Williams-Clark,"670 Stanley Haven, South Linda, CT 16618","001-654-589-029"
95,"Mitchell, Wilson and Lewis","468 Robert Ways Suite 999, Cobbtown, MH 52719",(599)583-8632x4
96,Haley Ltd,"014 Andre Cliffs, Dunnview, MI 83296","933.532.3788"
97,Hill-Santiago,"PSC 5878, Box 9530, APO AE 16139","971.759.7389x11"
98,Reeves-Cooper,"839 Hall Centers, Larsenshire, AS 38311","4296112292"
99,Cox PLC,"970 Vaughan Inlet, North Alexis, AS 28907","671.880.8564"
100,Wright-Randolph,"42987 Julie Islands Suite 470, Fergusonchester, WI 79618","950.459.2499x15"
101,Black-Schmitt,"PSC 7278, Box 1680, APO AP 21577","799.952.3065x93"
102,Whitehead PLC,"1530 Fowler Turnpike, Kirkstad, VI 09713","758.259.5564"
103,Sanchez-Knox,"Unit 4826 Box 7009, DPO AA 49009",(762)965-6609x4
104,Martinez Inc,"41055 John Island, Avilafurt, MN 23205","001-435-282-056"
105,Jones-Nichols,"49857 Peters Crossroad Apt. 337, Leemouth, NH 63652","712.872.0140x93"
106,Newton-Greene,"2407 Charles Wall Apt. 922, Brandihaven, TN 25358",+1-802-519-5840
107,"Hayes, Hoffman and Charles","606 Johnson Cliffs, South Anthony, AR 96359",(756)653-8475
108,Bailey PLC,"509 Richards Points Apt. 570, Burkehaven, RI 89788","001-878-586-407"
109,"Smith, Jones and Brown","66614 Ellen Walk, New Bryan, IA 75933","345.372.2278x98"
110,Bell Ltd,"903 Kylie Tunnel, Tiffanyberg, AS 32818",(541)585-4508x8
111,"Patel, Smith and Welch","PSC 3079, Box 4359, APO AP 50304","686-670-2534x92"
112,Henderson and Sons,"627 Wolfe Harbors Apt. 885, North Nicholasside, GA 95510",(223)931-7929x2
113,King-Farmer,"38473 Barnett Course, South Deborah, AZ 97112","3782733789"
114,Guerra-Murphy,"415 Strong Centers, West Justinmouth, CO 78273",+1-744-634-0635
115,Patton-Rice,"3240 Michael Plains, North James, WY 09547","001-209-708-114"
116,Brandt LLC,"3340 Tanya Greens, South Bryan, PA 90353","972.418.3599"
117,"Hill, Vasquez and Swanson","6443 Sheila Springs, Potterview, UT 40993","001-896-954-139"
118,Castillo-Wright,"45736 Patton Lights, South Hectorhaven, TN 16005",(552)724-3021x5
119,Fields-Bell,"046 Moore Spring Apt. 386, West Christopherfort, WA 88698","001-606-257-080"
120,Davis-King,"052 Horn Station, South Justintown, IN 38158","682-561-7322"
121,Simpson-Frank,"4674 Christopher Ford Apt. 133, Harryland, WY 21879","001-343-826-748"
122,"Robinson, Bradley and Palmer","1133 Michael Keys Suite 048, Scottchester, MA 70929",(299)576-7651
123,Webb PLC,"813 Rebecca Crossroad, Brewershire, TN 55241","981-835-3336"
124,"Wright, Jackson and Arnold","USCGC Fletcher, FPO AE 61192",+1-860-629-9571
125,"Johnson, Lee and Wagner","31528 Mcpherson Pine Apt. 420, Johnsonshire, TX 71673","9065424974"
126,"Beard, Heath and Aguilar","36830 Jones Extensions Suite 384, North Bridget, WV 30859",(469)946-0816x1
127,Miller PLC,"60141 Olivia Rapids, North Angela, AS 46562",(496)935-5899
128,"Clark, Pierce and Torres","USS Gonzalez, FPO AA 36141","598-537-4466x09"
129,"Horne, Oconnell and Richard","198 Becker Views, Hoffmanfort, NM 34498","8692895298"
130,"Lowe, Clarke and Carpenter","4615 Dennis Meadow, Port Virginiaside, MN 48271",(803)293-1935x6
131,Aguilar-Smith,"64150 Erickson Fork, South Jessica, SD 36753","001-861-422-280"
132,Johnson-Keller,"4202 Preston Motorway Suite 792, Lake Alexandra, NJ 65114",+1-292-655-1369
133,"Cuevas, Hall and Young","209 Gwendolyn Overpass Suite 721, Lake Angelaview, NM 23486",(404)945-0233
134,Best-Dixon,"5211 Berry Corners, South William, NH 20502",+1-358-769-8410
135,Collins-Fields,"938 April Manor, Riveramouth, HI 12597","955.714.7097"
136,"Kelly, Adams and Welch","19218 James Oval Suite 862, Shannonhaven, OR 02742","327.444.0033"
137,Jenkins-May,"74978 Watson River Suite 855, Lloydchester, NH 65228",(221)949-5433
138,"Jones, Carson and Marquez","63366 Eric Fords Suite 009, Tonyfort, CO 96214","001-576-656-758"
139,Baker Group,"6048 Mitchell Corner Suite 346, Edwardborough, AZ 06604","482-937-5019x60"
140,Alvarez LLC,"1522 Johnson Road, South Brooke, NV 85852",+1-489-221-9902
141,Brown Inc,"45209 Andrew Manors, Ricardoburgh, NY 70604",+1-900-467-0218
142,Johnson-Herrera,"Unit 2171 Box 2226, DPO AE 34326","741-808-6294"
143,Lane-Rodriguez,"62535 Adams Crescent Suite 402, Rossville, LA 96287","6066423776"
144,Gentry-Griffin,"45106 Courtney Square, Mcguireburgh, OK 91383",(457)681-3278
145,Ford PLC,"0746 Edwards Ferry Apt. 630, Port Nicholas, PW 35614","887.563.8811x59"
146,"Flores, Gomez and Patterson","0726 Hernandez Rapids, West Jonfurt, CA 00582","641.797.8063x71"
147,"Moore, Parker and Ford","6839 Riley Rue Apt. 658, North Markland, KS 75821","238.563.2113"
148,Wolfe-Peters,"651 Rodgers Plain, East Danielle, PA 37429","961-413-9961x43"
149,Wiggins and Sons,"2935 Rodriguez Glens, Lake Andrewview, ME 97936",+1-439-896-3307
150,Smith-George,"97206 Kevin Forest, New Fernandomouth, NH 48367","001-238-427-950"
151,Blankenship Group,"4195 Megan Forge Suite 109, North Heather, MO 27272","516-855-6301"
152,Gordon LLC,"184 Crystal Ridges, Lake Maria, CT 37757","236-778-5919x86"
153,Warren-Gonzalez,"17364 Williams Rest, West Matthew, UT 64768",+1-211-205-9062
154,Barnes-Mcclure,"77676 Turner Radial, Garciaside, AK 38471","537.434.4172x90"
155,Ford-Holland,"020 Ray Plaza Suite 308, East Paulchester, WI 31673",(246)355-4473x7
156,Crosby-Hunter,"5831 Bass Summit, Harveyland, MP 33077","742.873.6774x19"
157,Luna-Hardin,"451 Tina Underpass, Thompsontown, LA 87494",+1-332-831-9293
158,Grimes Ltd,"31963 Webster Fall, South Derek, TX 15697",(594)949-7077
159,Brown and Sons,"539 Ramos Flat Suite 289, Daltonview, IA 83272",+1-405-879-6139
160,Crawford LLC,"37116 Turner Extensions Suite 973, Lake Janetstad, OH 70005","876.335.9301x06"
161,Rowe-Velez,"8483 William Mount Suite 328, Gillespiestad, NV 36204",+1-979-567-8481
162,"Johnson, Vance and Jones","23532 Cooper Grove Apt. 076, East Mckenzie, AZ 52934",(381)275-9081
163,"Schneider, Peters and Price","3539 Taylor River, Potterton, AL 92915","573.569.5510"
164,Liu-Barton,"528 Christina Place Apt. 302, West Craigview, TX 75443","458-766-9848x67"
165,Bennett Ltd,"33498 Durham Parkway Suite 645, Robertport, RI 67468",+1-570-938-9164
166,Watson LLC,"PSC 7484, Box 2916, APO AA 67726","291-584-9526x60"
167,Gross-Hayes,"798 Tyrone Park, North Taylorbury, TX 54220","8953621471"
168,Martin-Jackson,"914 Edwards Ports, Kevinville, VA 52876",(894)739-5239x1
169,Mckinney-Bridges,"04996 Tanya Freeway, East David, MN 66560","001-279-954-380"
170,Stone-Santos,"115 Lindsey Plains Apt. 602, Karenville, KS 91027","722-404-0843x26"
171,"Kent, Booker and Bates","963 Jessica Manor Apt. 157, Savageshire, DC 05682","001-542-390-887"
172,Flores-Davis,"8369 George Mount, Austinhaven, MO 74073","9492737649"
173,Love-Simmons,"13964 Cory Drives Suite 291, Kingbury, MD 07589","334-504-2756"
174,"Shepard, Lewis and Monroe","6922 Wolfe Green Suite 106, West Damonstad, WA 16656","834.982.0955"
175,Bowen and Sons,"USCGC Rodriguez, FPO AP 56622","001-848-850-336"
176,"Hall, Obrien and Reed","99264 Frederick Lights, West Kelli, MD 91867","9054860312"
177,"Holland, Davis and Booth","770 Kerri Rapid Apt. 548, Fernandoborough, SD 86558",+1-293-702-6259
178,Lawson PLC,"Unit 4430 Box 0006, DPO AA 14406",(901)966-2566x3
179,Mcdonald LLC,"72620 Ritter Extension Apt. 041, Lake Wandaburgh, PA 84978","732.857.8970x49"
180,"Rodriguez, Higgins and Deleon","USS Davis, FPO AE 14910","890.836.4309x30"
181,Wilson-Norris,"12138 Eric Lane Suite 059, Lake Daniel, MO 31251","001-671-726-627"
182,"Andrade, Lane and Carroll","48918 Collins Trail Apt. 387, Susanfurt, TN 71171","427-230-1039x49"
183,"Reid, Oliver and Bullock","937 Mccoy Locks Apt. 601, East Daniel, AK 87555","256-971-9204x53"
184,"Ellis, Smith and Dyer","15155 Natalie Loaf, West Jose, NH 77861","772-553-8185x96"
185,Arnold-Wilson,"738 Erica Bypass Suite 598, Patriciaville, WV 58322","7654850331"
186,Wallace-White,"630 Justin Loaf Apt. 450, Lake Derrickland, RI 64164","316.697.7480x70"
187,Hall-Lang,"8546 John Tunnel Apt. 942, Cruzshire, MA 97530","969.731.7353"
188,"Nunez, Sanders and Jackson","7580 Tucker Shores, North Russell, RI 20375","352-812-7601x96"
189,White Group,"1833 John Estate Apt. 504, East Jacobtown, TX 21898","286-864-4723x47"
190,Solis Ltd,"049 Lee Brooks Apt. 029, West Leviport, AK 99218","001-667-992-602"
191,Hernandez-Ramos,"04442 Jackson Trafficway Suite 430, South Allison, VT 83822","661-437-8973"
192,Carpenter PLC,"533 Kimberly Stream, Ericmouth, TN 09011","370-608-5405x83"
193,Washington PLC,"71308 Laurie Grove, Danielberg, ME 08709","001-867-484-730"
194,Stanley-Carlson,"626 Judith Village, North Keithmouth, CT 05728",+1-334-602-7187
195,Smith-Villa,"6234 Crane Mountains Suite 618, New Ashleyhaven, SC 33130","5285458789"
196,Lee Inc,"5455 Miller Court Suite 333, Cooktown, LA 97741","001-287-461-535"
197,Mcbride-Mccann,"31323 Kirk Pines, East Sheilaberg, PW 31172",+1-942-757-3631
198,"Hale, Richardson and Wilson","USNV Franco, FPO AA 80319",(534)689-4858x0
199,Pierce-Brown,"849 Watson Lights Suite 021, North Ryan, AR 04442","001-854-265-677"
200,"Kim, Miller and Yates","0628 Parker Circles, Russellberg, CO 67972",(418)927-8554
201,"Maynard, Santiago and Hooper","7336 Berry Port, Williamsshire, MO 28481","479.665.2164x19"
202,Tran-Rodriguez,"82339 Claudia Pike Apt. 471, South Meganview, AK 42558","746.519.7605x38"
203,Davis PLC,"3522 Jessica Lodge, South Beth, NE 56924","907.812.2264x41"
204,Rose Ltd,"168 Arellano Station, Sharonside, OH 15842","744.971.9544"
205,"Perry, Carpenter and Reed","1863 Holt Forges, West Jamesberg, VA 85146","001-842-994-533"
206,Flores-Campbell,"312 Adam Path Apt. 173, East Randy, RI 15052","001-205-786-563"
207,Little Ltd,"6290 Christopher Isle, Stevenbury, DE 90038","535.717.1850x34"
208,"Lynch, Johnson and Price","PSC 1228, Box 8977, APO AP 63114",(650)871-7467x9
209,Mcbride-Atkinson,"214 Kristen Falls Suite 721, Simmonsfurt, SD 22080","984.292.6934"
210,Price and Sons,"696 Jared Expressway Apt. 382, South Deborahburgh, MH 26181","319-865-1264x67"
211,Cantrell-Holt,"6550 Grant Underpass Apt. 201, Rodgersside, NM 33736","761-439-0608"
212,Mendoza-Bell,"29197 Eric Inlet, North Dannyland, CA 13826",(529)515-6082
213,Garza Ltd,"91468 Robert Circles Apt. 999, West Caleb, DE 49168","966-805-1476x12"
214,"Ray, Paul and Khan","4425 Emily Groves, Tracifurt, FL 41593",(929)823-9170
215,Miller-Long,"Unit 4718 Box 3307, DPO AA 07448","951-470-7217x67"
216,"Edwards, Garcia and Carlson","0224 Michael Forges Suite 769, New Sara, NH 29891",+1-916-994-6341
217,Martin-Jackson,"610 Martinez Viaduct, Port Adamberg, FL 15813",+1-393-957-0348
218,"Berry, Gonzalez and Moyer","8507 Anderson Circle Apt. 283, Smithland, SC 41415","001-291-787-036"
219,"Gallegos, Carter and Williams","0278 Gardner Ranch, Kyleland, AL 29524",(475)737-0264x1
220,Hernandez and Sons,"7889 Brandon Stravenue Apt. 170, Caldwellfurt, WV 74402","001-313-983-125"
221,Ali Inc,"403 Angelica Vista, Austinton, GA 75577","5233675522"
222,Martinez Inc,"244 Courtney Circle Suite 169, New David, MI 58731",+1-545-839-4516
223,Logan and Sons,"58297 Frank Well Apt. 078, Port Thomas, VT 67189","870-689-1574x88"
224,"Yates, Kelly and Watson","33549 Robin Trail, Lake Joshua, PA 75003",+1-393-692-9253
225,Peters PLC,"Unit 6957 Box 5447, DPO AA 33296","838-332-1712x96"
226,Harrell Inc,"33551 Schmitt Ways, Thompsontown, FM 85516","001-515-674-319"
227,Scott Ltd,"975 Christopher Inlet, East Paulview, GU 65168","235-334-3088x03"
228,"Brown, Young and Thomas","98721 Tony Points Suite 927, South Lisa, NJ 85797","290.307.9606x55"
229,Wallace-Roberts,"85074 Smith Ridges Suite 526, Jeremyburgh, SC 64406",(887)227-1499x4
230,Pena-May,"USNV Martin, FPO AP 13374","684.352.6211"
231,"Wallace, Espinoza and Shaffer","4484 Taylor Crossing, North Nathan, GU 74611",(510)294-0533
232,"Johnson, Mccarty and Luna","2731 Denise Ford Suite 861, Jamesfort, MP 35529","934.414.3627"
233,"Bates, Thomas and Brooks","618 Dougherty Lodge, Birdtown, DC 95805","3403272342"
234,Edwards and Sons,"PSC 2900, Box 0809, APO AE 84304","635-806-4907x95"
235,Murray PLC,"USS Trevino, FPO AE 01119",(219)477-0026x3
236,Strickland-Banks,"9418 Mcdaniel Trail Apt. 993, Lake Mark, RI 98635",+1-402-895-3686
237,"Garner, Diaz and Rodriguez","97277 Michael Villages, New Kevin, PA 06612",+1-643-651-2387
238,Hood Inc,"USS Jones, FPO AA 06674","3736910921"
239,Novak and Sons,"828 Richard Vista, Port Janetmouth, HI 43756","619.659.4030"
240,Jackson Ltd,"69461 Steele Forest, Port Brianview, MI 64658","407-758-0698"
241,Ramos and Sons,"2210 Mark Ford, Port Angela, MH 48704","651-928-1583x00"
242,"Lopez, Mason and Fitzgerald","Unit 9679 Box 0363, DPO AA 12164","918.864.6108x48"
243,Parker and Sons,"4116 Brandy Passage, Port Tracy, RI 35603",(470)431-5896
244,Fuentes-Morgan,"662 Johnston Burgs, North Alejandro, OR 03467",(262)893-8548x2
245,"Ellis, Adams and Sellers","72455 Kennedy Drives, Williammouth, CT 81104",(874)890-5170
246,"Haynes, Schmidt and Butler","Unit 4182 Box 6100, DPO AE 10583",(793)687-4464x4
247,Harper-Washington,"3500 Mueller Island Suite 026, West Jimmyside, MN 29854","934-360-4450"
248,Lawson PLC,"0354 Sherry Tunnel Apt. 937, East Brianbury, OH 74029","250-494-3422x15"
249,Boyer-Lutz,"82706 Garcia Plains Apt. 221, Port Beth, NV 34012",+1-670-377-8916
250,Rose and Sons,"22842 Vargas Forge Apt. 452, Jillianland, VT 44890",+1-242-297-3924
251,Bailey Group,"212 Fields Walk Suite 991, South Samuel, OK 17131","510.772.8578x03"
252,Lloyd and Sons,"7433 Brown Avenue Suite 901, Owenston, NM 09410","741.809.2537x06"
253,Smith Group,"20376 Burnett Cliff, Nicholasmouth, PA 87405","613-801-7402"
254,Salazar LLC,"54401 James Light, New Kimborough, AS 90262","511-795-5048x16"
255,"White, Greene and Smith","Unit 6589 Box 2560, DPO AE 86092","001-356-299-550"
256,Hamilton PLC,"22678 Frazier Well Apt. 839, New Gabriel, NV 78844","001-598-613-001"
257,"Gross, Carlson and Lindsey","PSC 5549, Box 2155, APO AA 78677","5719175068"
258,Dunn Group,"PSC 6468, Box 0889, APO AP 49859","685-352-2639x22"
259,Abbott-Wong,"162 Joseph Ways, Montgomeryberg, MP 75414",(945)928-7525
260,Clark and Sons,"577 Patricia Oval, Ericbury, MD 81728","690-206-2731x31"
261,"Campbell, Deleon and Diaz","3351 Tyler Locks Apt. 412, New Kenneth, MT 41594","790.432.6996x04"
262,Moore-Rose,"Unit 8733 Box 8819, DPO AE 35565","884.601.7739"
263,Rios Inc,"303 Butler Trafficway Suite 205, Port Elizabethtown, FL 00908",+1-368-931-6086
264,Smith-Parks,"4425 Natasha Parkways, Port Melanie, NC 89932","491.956.0621x06"
265,Hernandez-Pierce,"Unit 0751 Box 3719, DPO AE 32820",+1-272-425-0147
266,"Mack, Romero and Hamilton","10405 Sandra Island Apt. 648, North Ashley, IN 63085","844.220.2153"
267,Gibson PLC,"25218 Robin Crescent, Josephstad, NC 74932","301-849-0510"
268,Ross LLC,"390 Hall Canyon, Ericview, IL 15233","447-911-5908x84"
269,Frank-Banks,"43412 Amanda Curve, Miguelfort, CT 56507","001-477-498-485"
270,"Saunders, Rodriguez and King","57050 Rachel Plains Suite 276, Simmonstown, IL 03094","577.214.4720"
271,Jones-Manning,"374 Patrick Meadows, Johnsonburgh, CO 60965",+1-961-469-0135
272,Nixon-Graves,"8969 Hunter Lodge, South Terryhaven, WA 16715",(902)280-2280x4
273,"Davila, Smith and Williams","775 Cruz Lane, Angelaside, MH 50674",+1-571-931-2218
274,Choi-Chen,"42040 Nelson Common Suite 378, New Jasonport, KY 58388","701-296-1206x07"
275,Zamora-Davis,"70178 Herman Fall Suite 883, Laceyborough, FM 64959","230-305-3101x85"
276,"Zuniga, Williams and Mann","51921 Gregory Alley Apt. 377, West Heather, AL 37959","598-843-1253x08"
277,"Bond, Ewing and Copeland","3607 Jessica Parkway, New Emilyport, NE 74253",(250)627-6973x2
278,Wright-Wright,"3580 Matthew Falls Suite 603, South Sarah, NH 60135",+1-930-534-9560
279,"Mcfarland, Sellers and Boyd","84429 Jesse Land Suite 359, West Kimberly, MP 31130",(967)304-0687x7
280,Richards Inc,"USCGC Wilkins, FPO AP 52173","001-917-538-441"
281,"Sanchez, Griffin and Campbell","Unit 1915 Box 7542, DPO AP 96291","393.654.3905"
282,"Conner, Ryan and Smith","USNV Hall, FPO AP 58040","602.220.0659x19"
283,Garrett LLC,"12759 Jenkins Gateway, South Luis, AL 57666","001-659-769-157"
284,"Gomez, Curtis and Rodriguez","692 Jason Parks, New Henry, FL 83706","507.878.1645x51"
285,Carter and Sons,"64826 Christine Road Suite 411, Parkerbury, WY 94103",(213)589-6521x5
286,Medina-Miller,"123 Susan Mall Suite 120, Davisland, NH 56090","001-369-590-269"
287,"Grant, Carney and Lloyd","0486 Amber Route Apt. 727, Riveraland, NV 96396","001-922-816-585"
288,Friedman LLC,"50148 Christopher Stream, Higginsland, MP 82420","303-450-6209x16"
289,Smith-Mccall,"393 Peterson Run, North Colin, AK 38431","806.762.8176"
290,Singh-Mejia,"67250 Cole Crescent Suite 797, West Jenniferland, FL 51126",+1-754-590-6834
291,"James, Carr and Donovan","3620 Deborah Mission Apt. 507, North Jeffreyhaven, GU 64889",+1-755-228-4249
292,Campbell-Guzman,"956 Colleen Mall, Port Ashleyborough, CA 78234",+1-629-774-9492
293,Anderson PLC,"USS Walker, FPO AE 59997","284-943-4467x19"
294,Young-Yu,"67639 Rachel Fords, Pughberg, AR 60723","001-901-583-675"
295,"Tran, Miller and Lewis","3949 Stacy Court Suite 065, Kellymouth, ID 93032","2539561577"
296,Walker Inc,"863 Angela Terrace, North Dustinville, DC 74045",(571)599-4363
297,Cline-Gilbert,"165 Flores Lodge, New William, HI 35076","837-884-8798x15"
298,"Jones, Butler and Henderson","092 Mcmillan Villages, New Jose, TX 86661",+1-392-571-0160
299,Martin-Jordan,"39688 Coleman Stream, Reidmouth, VT 09077","522.721.5694"
300,"Ellis, Cooper and Hansen","1319 Rojas Isle Apt. 371, Brianhaven, NM 52717",(309)686-7314x5
301,Dawson and Sons,"58328 Flores Crossing Apt. 572, Ellisberg, MO 42023",(403)908-7491x1
302,Dunn Inc,"5100 Melissa Turnpike, Kevinport, VA 98873","001-802-754-862"
303,Burns PLC,"543 Nancy Point, Lawrenceshire, AR 54201","916-776-3459"
304,"Parker, Pratt and Spencer","4428 Wong Garden Apt. 201, New Jenniferview, WV 30076","001-336-443-507"
305,"Morrison, Hughes and Lang","57914 Janet Lakes, Lake John, AS 04244","905.230.0180x80"
306,"Hopkins, Myers and Rodriguez","088 Brooke Junction Suite 534, Alexanderville, GA 19133","001-257-280-743"
307,Wagner-Olson,"058 Mark Passage Apt. 169, Christensenshire, HI 37073","001-810-456-422"
308,"Hensley, Davidson and Allen","5341 Patton Cliff, North Stephanie, MN 53945","438.572.1874x02"
309,"Knox, Reed and Martin","689 Jasmine Burg, East Jeremyshire, MO 76855","503.355.9739"
310,"King, Woodard and Finley","519 Michael Centers Suite 087, Fuentesside, MP 52326","546.739.6702x29"
311,Gamble and Sons,"12465 John Park, Parkerstad, RI 67641",(984)823-3099x4
312,Davila-Gordon,"Unit 1859 Box 7109, DPO AA 41285",+1-203-379-2183
313,Thomas LLC,"4496 Lee Plaza, Jenniferburgh, SD 63633","460.545.9812x39"
314,Franklin PLC,"81133 Mark Causeway, Christyfurt, NM 71990","348-760-1422x20"
315,"Graham, Edwards and Bryant","6544 Jason Views Suite 523, Joycechester, CT 20325","696.237.6608"
316,Smith Inc,"40072 Dustin Points, New Alexandershire, NV 64231",(860)319-4885
317,Hill-Jimenez,"4563 Melissa Ridge Suite 400, Petersonside, WY 32157",+1-217-804-0070
318,"Randall, Mann and Pitts","781 Richardson Pass Apt. 943, Castrofurt, WA 24157","001-498-758-150"
319,Ramsey-Wheeler,"19527 Calderon Fort Apt. 414, East Susan, MP 22715","369-293-9044"
320,Torres-Ramos,"USNV Skinner, FPO AA 07891",+1-484-300-5500
321,Johnson Inc,"462 Raymond Rue, Port Theresashire, ID 47151",(778)573-2453x9
322,Williamson-Simpson,"823 Snow Motorway, East Josestad, PA 57912","001-309-676-249"
323,"Humphrey, Perry and Freeman","PSC 2928, Box 9950, APO AA 21935","307.536.8981x00"
324,"Perez, Mullins and Lewis","383 Joseph Locks, Charlesview, WV 01239",(891)665-5400
325,Paul-Hicks,"USS Phillips, FPO AE 69638",+1-577-358-4983
326,Jackson-Singh,"466 Neal Mountains Apt. 781, Lake Darrenside, NE 37271","894.361.9489x10"
327,"Ryan, Archer and Tucker","816 Smith Flats, Heatherchester, MP 37272","338.521.6622"
328,Kennedy LLC,"PSC 5116, Box 2246, APO AE 02685","959.466.1602x31"
329,"Johnson, Williams and Fernandez","7522 Jenna Islands Suite 027, New Andreamouth, AK 35218","295-314-0086"
330,Daugherty and Sons,"86780 Simpson Isle, Heathtown, WY 43070","572-877-0602x27"
331,"Webb, Davis and Miller","504 Joseph Lane Suite 755, Port Christina, AK 40548","001-738-273-209"
332,Brooks Group,"2298 Nicole Ports, Port Daniel, AS 40632",+1-544-375-8051
333,Jackson-Lopez,"97210 Craig Lodge, North Glenville, OK 60247","001-562-781-436"
334,Marshall PLC,"1043 Michael Highway Suite 635, North Colton, UT 13773","468-975-1331"
335,Thomas-Welch,"695 Rodney Knoll, West Nicole, NJ 31773","371-281-1530x83"
336,Nelson-Leonard,"12391 Natasha Coves, West Ryanhaven, FL 51392","352.492.8170"
337,"Patrick, Jones and Love","71655 Bryant Court Suite 845, West Stephaniebury, UT 48413","993.829.5919"
338,Harris-Suarez,"9782 Harold Motorway Apt. 564, Lindseystad, MS 07885","7569316890"
339,Savage Group,"PSC 5413, Box 3338, APO AE 66431","389.733.7327x00"
340,Bradshaw Inc,"0662 Alison Drives, North Kenneth, TN 63023","776-832-0320x37"
341,"Lane, Lucero and Singleton","445 Justin Green Suite 311, Michellehaven, NE 32222",(862)642-2025
342,Bush PLC,"650 Jacob Creek, Raymondshire, OK 51576",+1-651-500-0307
343,Owens PLC,"23814 Benjamin Valley, New Monica, HI 70058",(695)784-0355x5
344,Hale-Guerra,"6704 Sarah Place, North Donnahaven, NH 52391",(994)266-3873x9
345,"Love, Martin and Nguyen","746 Jennifer Pines, Olsonmouth, ME 47668","001-857-572-740"
346,Weaver-Ho,"66287 Jones Wells, Whiteview, NY 99184","609-557-9666x40"
347,Washington-Christian,"29940 Jordan Cliffs Suite 439, Port Jacob, MD 11451",+1-902-427-4770
348,Ritter-Ruiz,"8679 Brad Street Suite 135, Bakerview, KS 26860",+1-366-668-4531
349,Fox-Roth,"72399 Alexander Square Apt. 340, West Eric, OR 29887",(476)437-7324x7
350,"Taylor, Phillips and Carlson","3648 Michael Causeway, Benjaminchester, NY 51170","001-793-873-746"
351,"Kelly, Wagner and Peterson","5610 Barrett Stream, Gallagherfort, AZ 72352","834.424.6145x37"
352,Daniels PLC,"9178 Stewart Walk, Ibarraborough, TX 46250",+1-511-381-9980
353,Jackson and Sons,"0280 Rachel Keys, Lake Elizabethchester, HI 11575","546.355.6143x18"
354,"Bailey, Winters and Hawkins","240 Michael Port Suite 298, Melissabury, WA 69061",+1-710-802-2585
355,Gonzalez-Randolph,"405 Katherine Lights, Bakerview, PW 61175","2729610758"
356,"Solomon, Gonzalez and Joseph","5648 Gross Plains Suite 327, East Tara, ND 11279",(982)284-6601x3
357,Sullivan LLC,"4149 Hayes Estates Apt. 293, Lake Kayla, AS 27178","350.812.0285"
358,Murray-Harris,"04672 James Rapids, Kevinberg, VT 75982","941-732-9368"
359,Williams Group,"4033 Miller Station, Leeburgh, MI 78103","8589763896"
360,"Shea, Lucas and Moody","872 Cruz Ridge, Kyleport, ID 45900",+1-815-268-2857
361,"Newman, Gonzales and Cox","32246 Case Spur, Hernandezmouth, VT 79781","386-305-7689"
362,Williams Inc,"90744 Harrell Manor Suite 051, Reynoldsmouth, AR 22167","806.687.1674x64"
363,Smith-Burnett,"86630 Robert Union Apt. 562, Port Michelle, WY 21033","001-956-854-495"
364,"Jackson, Brown and Peterson","62055 Rodriguez Harbor, Johnville, NY 91363",(908)621-4937
365,"Vargas, Rodriguez and Wilkinson","084 Gardner Forges, Rachelberg, IN 96171",(754)238-7350
366,Jones-Hughes,"3572 Rodriguez Knolls, South Russellburgh, AS 99404","3915947232"
367,Smith Group,"253 Kristopher Hill Apt. 075, Lake Timothyborough, KY 93836",(760)715-8194
368,"Parrish, Chen and Owens","7909 Joseph Summit Apt. 399, Lake Patrick, WA 80691",(394)507-5413x5
369,Martin and Sons,"21672 Kelly Parkway, West Thomas, ID 41621","333.713.7701x65"
370,"Baker, Wall and Jones","3207 Washington Course, East Danny, MA 55552",+1-564-325-0104
371,"Torres, Brown and Shepard","PSC 5355, Box 0809, APO AP 47818",+1-848-911-5912
372,Wolf-Dawson,"40078 Hopkins Hills, West Johnshire, TX 67954","001-573-656-022"
373,"Gaines, Chavez and Price","22837 Hubbard Estate Apt. 009, Lake Leah, MI 69650",+1-671-691-7142
374,Downs Ltd,"2429 Smith Way, Alexberg, DE 14386","001-996-361-388"
375,"Horn, Hammond and Anderson","079 Simpson Fall Apt. 746, Lake Johnmouth, GU 82497","495-859-1784"
376,Saunders PLC,"860 Patrick Square, Lake Faith, MH 44983","387-761-0587x14"
377,"Jones, Noble and Smith","492 Casey Lakes, Port Mikebury, NE 33014","783.572.3614"
378,"Smith, Bennett and Smith","6324 Derek Radial, Charlesview, IN 19380",+1-396-481-3925
379,Williams and Sons,"221 James Cliff, South Corey, CT 87168","697-657-5980"
380,"Carlson, Everett and Cervantes","7095 Anthony Coves, Leonton, VT 52797","001-743-235-486"
381,"Horn, Washington and Shepard","8789 Matthew Groves Apt. 000, Nicholastown, WI 94180","487.865.4628"
382,Reynolds and Sons,"22979 Ryan Lodge Suite 163, West Normamouth, KS 36311","699.315.6789"
383,"Singleton, Randolph and Mejia","4026 Linda Track, Melissaport, GA 57278","363-888-4728x42"
384,Clark LLC,"028 John Forge, East Davidland, ND 29122",+1-833-924-4190
385,"Rios, Cole and Stewart","709 Perez Lakes, West Jonathanborough, MH 88393",+1-819-727-4967
386,Thompson-Turner,"9956 Andrea Rapid, Port Codyport, NM 41870",(812)438-2837
387,Baker-Tran,"53433 Lewis Light Suite 153, East Tom, NC 52927",(798)844-2353x2
388,Moran LLC,"75586 Christopher Wells, Port Donaldfurt, MH 33488","698.359.7599x99"
389,Watson Ltd,"3453 Underwood Fords, Port April, MS 12333",(920)982-1916x4
390,Payne-Oconnor,"687 Robert Plaza Suite 109, Port Thomasfurt, UT 04342","001-570-881-896"
391,"Delacruz, Lowery and Butler","7211 Blankenship Cliff Apt. 175, Thompsonfort, GU 68039","001-804-681-803"
392,"Phillips, Woods and Shea","USNV Miranda, FPO AP 40292",(773)803-5555x1
393,Bryant and Sons,"9232 Rachel Hills Apt. 625, Bethanymouth, NV 93645","962.307.5980x22"
394,Lozano-West,"Unit 2320 Box 3150, DPO AA 38780",(511)379-4622x6
395,Perez Group,"7735 Christopher Plaza, South Elizabeth, KY 86237",+1-217-469-3385
396,"Hughes, Fisher and Rice","76323 Jones Inlet Suite 228, Richport, NJ 50574",(567)874-4066x2
397,Bishop-Wright,"923 Gonzalez Shore, North Jeffreyborough, WY 93148","932-377-3661x99"
398,Hanson-Fuller,"773 Kristie Pike, Bellshire, MH 24026","922.721.8899x72"
399,"Benson, Jones and Coleman","7276 Jason Key, Richardstad, CA 13042",(648)635-9292x0
400,Dean Group,"086 Robert Locks Apt. 261, Lake Jenny, RI 72488","001-880-989-668"
401,Cameron LLC,"6848 Kimberly Common, West Kevinburgh, UT 09486",+1-665-437-1341
402,Lopez Group,"0777 Emily Hills, Fosterville, MA 85384",+1-950-978-4827
403,Ramsey Ltd,"53974 Catherine Corner Suite 723, Port Matthew, TX 29399","261-679-7138x61"
404,Arellano-Anderson,"53365 Brent Skyway Apt. 425, Lake Ronniebury, WV 98704",+1-989-294-9737
405,Nelson and Sons,"771 James Lane, North Kimberlymouth, AZ 42494","001-310-457-335"
406,Sims Ltd,"234 Sherry Neck, East Donaldfort, MH 93969","322.629.4849x40"
407,Burgess PLC,"127 Potter Turnpike Apt. 225, North Aimeehaven, MA 44553",(943)232-2110
408,Reyes PLC,"83505 Tina Throughway Suite 430, Justinborough, TN 08182","758.654.9477x16"
409,Ball Group,"6272 Aaron Valleys Suite 747, Laurenview, AS 81617","001-428-495-011"
410,"Mendoza, Taylor and Montgomery","00475 Sandra Summit, Port Hannah, MP 14762","912.612.9906"
411,"Mccoy, Olson and Newman","6034 Leah Keys Suite 517, Lake Garyville, NY 92335","4313053977"
412,Miller-House,"218 Porter Rapid, West Jesse, RI 72989",+1-976-897-5330
413,Castaneda-Singh,"1246 Bryan Manors Apt. 751, Emilyfurt, MN 40211","001-738-434-878"
414,Miller-Goodman,"4495 Robert Locks, Jeffreyfurt, VI 37167",+1-386-268-0032
415,Esparza Ltd,"908 Jennifer Mountain Suite 858, South Gregorystad, NC 01820","001-319-761-868"
416,"Barrett, Foster and Wright","952 Cunningham Haven Suite 735, Kaylahaven, PR 63720","415.221.9730"
417,Ramirez-Banks,"Unit 6490 Box 6166, DPO AA 49555",+1-431-509-6563
418,Thompson-Mack,"932 Soto Road Apt. 640, South Elizabeth, IL 05132","4555830550"
419,Adams Group,"497 Lee Radial Suite 614, Barbaraburgh, WA 57041",(784)997-1016x3
420,"Todd, Travis and Hill","409 Petersen Forges Apt. 973, West Jaimeburgh, PW 09711",(598)635-5952
421,"Lowery, Ward and Hayes","75924 Wood Valleys, North Christieport, IL 86860","001-253-849-602"
422,Powell Ltd,"000 Terry Spring Suite 184, South James, DC 05702",+1-757-921-8369
423,Phillips-Jones,"2334 John Locks Suite 156, New Suzanneview, RI 72971","539.201.5691"
424,Elliott-Wilkins,"40759 Katie Parkways Apt. 996, Port Kaitlyn, DC 66526",(299)451-5921
425,"King, Odom and Figueroa","PSC 5556, Box 2594, APO AA 69389","416.513.1992x83"
426,"Perez, Johnson and Bowen","PSC 4296, Box 7115, APO AP 12473",(347)785-5245x3
427,Jones-Underwood,"80987 Mcintosh Springs Suite 216, North Renee, CA 34898",(445)492-7670
428,"Hunter, Brown and Case","8013 Brown Unions Apt. 870, Lopezfurt, NC 39550","405-862-2386x21"
429,Valenzuela-Wyatt,"PSC 4371, Box 5140, APO AP 32508",+1-973-491-6162
430,Hansen PLC,"18677 Hill Shoals, North Kyle, NE 21513",+1-422-579-9772
431,Henderson LLC,"52675 Joanna Inlet, Port Brittanyland, SC 47986","971.835.4018"
432,Jones Ltd,"55465 Vicki Passage, West Lauramouth, TX 83245","287.873.2812x26"
433,Castillo Ltd,"14097 Kathryn Shore Apt. 564, Rachelside, DE 66328","001-599-618-812"
434,Brown-Carlson,"0993 Schmitt Keys, Millermouth, NY 44298","001-540-637-348"
435,Johnson Ltd,"706 Daniel Plain, Robbinsburgh, OK 89251","001-726-469-366"
436,Chaney-Perry,"817 Seth Wells Suite 910, Lake Natalie, MP 84220",+1-926-249-9887
437,Martinez Inc,"205 Walker Extensions, Mistybury, CA 90463",(688)464-1386x7
438,"Knight, Flores and Collins","PSC 4475, Box 8120, APO AP 44375",(426)922-9475
439,"Rodriguez, Shelton and Lam","57949 Wells Course Apt. 862, South Briana, NC 67719",+1-253-625-8610
440,Todd-Newton,"1153 Stephanie Fort Suite 031, Sierramouth, OR 43447",+1-764-248-7009
441,Delgado Inc,"4880 Joseph Pass, East Bettyshire, IN 57152","582.857.2531x14"
442,"Juarez, Case and Stein","75219 Wright Haven Suite 999, Rileyton, NJ 07630","001-349-836-585"
443,Martinez and Sons,"364 Mason Fords, Simstown, AS 71697",+1-289-223-6725
444,Thomas-Powell,"10222 Burton Ville Suite 913, Stevenschester, SC 91105","001-936-617-649"
445,Harris Group,"Unit 1881 Box 6029, DPO AP 99781","908.874.5475x23"
446,"House, Nguyen and Olson","812 Henry Inlet, Taraview, AS 95516","001-518-509-686"
447,Johnson and Sons,"USNS Williams, FPO AA 51947","772.855.7975x49"
448,"Ortiz, Pierce and Clements","85946 Obrien Cove, Charlesbury, DE 75061","962.506.4090x69"
449,"Cooley, Fitzgerald and Wilson","912 Samantha Well, Hicksville, MS 38296","001-619-269-026"
450,Parrish-Brown,"448 Kelly Mission, Williamsonstad, IA 70923","001-964-591-363"
451,Boyer and Sons,"067 Key Manors Apt. 544, Allenport, UT 23170",+1-487-475-7300
452,Burns-Lane,"722 Robinson Wall, Lake Nathan, KY 81704","575.305.1592"
453,Williams LLC,"174 Tracy Neck Apt. 977, Port Justinberg, MI 15948",+1-552-962-2052
454,Owen PLC,"184 Richardson Spur, North Christopherfurt, GU 79217","409.829.3693x44"
455,Warren-Mcbride,"2640 Johnny Forest, North Brandonhaven, VT 65541","810.821.9274"
456,Jimenez PLC,"731 Mckinney Tunnel Apt. 464, Port Tracy, VI 15563","298-643-2849x68"
457,"Herrera, Townsend and Sanford","0518 Jessica Ways, Whitneychester, DC 46319","985.772.6017x80"
458,Fleming-Shah,"16635 Sandra Pike, Lake Stevenborough, CA 61718",+1-435-513-9192
459,Bautista PLC,"644 Jones Avenue, Port Mitchell, MN 41143",+1-243-975-6039
460,"Martinez, Miller and Mendez","9765 Theresa Ranch, Spearston, HI 54635","364-666-6908x00"
461,Anderson-Garcia,"5471 Michelle Roads Suite 603, Shannonton, DC 79444",(872)413-8986x3
462,Wagner-Nguyen,"040 Williams Flats, Hugheston, AS 15377","862-345-9572x45"
463,Rodriguez-Francis,"3811 Lutz Parkways, South Chad, GA 64729","6959863178"
464,Fitzpatrick-Hill,"9492 Jackson Crescent, Staceytown, LA 13829",+1-720-660-9539
465,Harris PLC,"1298 Walker Brooks, Port Amandaview, OR 52340",(564)594-6573
466,Bryant LLC,"1619 Megan View Apt. 517, New Melanie, PA 55550",+1-369-969-7423
467,"Miranda, Odonnell and Watson","462 Kenneth Turnpike Apt. 479, Robertsontown, IN 14900",(605)456-2790x7
468,Bates-Johnson,"48705 Mckee Estate Suite 079, Shirleyfurt, NY 89632","222-550-4861"
469,Cook-Davis,"PSC 6608, Box 2896, APO AP 71994","446.662.3287"
470,Cooper PLC,"958 Dean Orchard Suite 675, Gregoryberg, IN 67507",(732)800-0408
471,"Hayden, Webb and Brown","9152 Lawrence Track Suite 231, North Dustin, RI 84609",+1-648-876-4377
472,Harrison PLC,"72457 Rowland Forges Apt. 437, Johnathanfurt, NC 97792",(567)392-9399
473,Olson PLC,"49449 Adam Vista, Lake Nicolemouth, AS 26459",(237)701-9570
474,Hudson and Sons,"462 Jones Ridge Suite 744, East Mark, AK 31558","627-576-1996x74"
475,"Salazar, Russo and Johnston","20238 Mark Court Apt. 060, East Tamara, GA 94914",(359)451-9017x7
476,Humphrey-Thomas,"38311 Jimmy Flats Apt. 243, South Mark, CT 49388","819-572-8456x01"
477,"Ramirez, Roberts and Hunt","14685 Smith Square, Lake Paula, KY 48532",+1-741-807-8951
478,"Jenkins, Singleton and Davis","USS Murray, FPO AE 37070",(771)243-7791x4
479,"Brown, Fisher and Kelley","62217 Richard Fords Apt. 971, Smithhaven, NH 25541","001-890-953-559"
480,Johnson-Glass,"Unit 4382 Box 6646, DPO AP 64842",(343)431-6902
481,Paul Group,"989 Cordova Lock Apt. 884, South Lindabury, KS 81900",+1-226-206-3022
482,"Phillips, Jackson and Pitts","1562 Lance Mills Suite 235, Cookchester, NM 41963",+1-563-542-6588
483,Green PLC,"Unit 8424 Box 7610, DPO AP 01271",+1-752-295-4586
484,Lee-Adams,"35221 Mora Squares Suite 565, Christopherbury, IL 77403",+1-680-223-0033
485,Bullock-Shaw,"692 Flowers Land Apt. 406, Lopezmouth, DC 67934","979.359.0285x44"
486,"Young, Anderson and Williams","66033 Turner Walks, West Michael, IL 77133","8416241029"
487,"Roberts, Mcdonald and Morse","3901 Tate Motorway, Woodton, MP 07402",(355)668-3756
488,Garcia-Black,"70846 Sarah Well, East Whitney, NC 36640",(268)944-5747x6
489,Wood-Garza,"483 Matthew Hills Apt. 485, West Daniel, CO 95035",(518)380-2854x6
490,Cobb-Wallace,"5275 Stewart Prairie Apt. 046, Marquezberg, NH 90581","404.995.2030"
491,Carpenter Group,"0735 Harris Fall, Conleystad, SD 41610","4402508629"
492,Johnson Ltd,"PSC 1070, Box 7943, APO AP 50122","001-413-248-409"
493,Blair-Burns,"481 Cannon Shoal Suite 532, New Hunterside, DE 08445","400-524-8983x38"
494,Rubio PLC,"1967 Martin Trail, New Amber, AZ 19893",+1-748-304-9727
495,Jenkins-Stewart,"18825 Wilkins Rest Suite 454, Anaview, IL 65809","001-794-866-551"
496,Peterson-Sandoval,"247 Danielle Bypass Apt. 874, South Tommy, CA 20854","301-519-8104"
497,"Davidson, Lowe and Conner","1842 Sharon Bypass, North Raymond, IN 03635",(619)766-6198x5
498,"Phillips, Potts and Larson","406 Brown Points Apt. 430, Clairemouth, TN 73283",+1-948-646-3576
499,Gallegos-Kelly,"73942 Jenkins Square Apt. 409, Port Sarahberg, CT 10721","001-868-410-060"
500,Lee PLC,"565 Jones Trafficway, Port Gary, OR 40040",(570)206-0756x4
501,Lara-Knox,"428 Sanders River Suite 141, Priceberg, MT 65855","001-457-554-753"
502,"Stephens, Potter and Smith","08245 Susan Streets Apt. 079, West Taylor, WA 44187","001-401-497-204"
503,"May, Reyes and Hebert","133 Michael Village, Harrisonton, AS 79366","571.882.6153x85"
504,Marshall PLC,"301 Smith Inlet Suite 785, East Rachel, DE 35468",+1-602-238-4904
505,"Mccarthy, Roberts and Garrett","915 Thomas Mission Suite 445, North Johnburgh, MN 40980","661-771-8440"
506,"Miller, Dixon and Scott","4134 Judith Port Suite 354, East Kelly, VA 39387",+1-603-833-7370
507,Villanueva-Lee,"USS Richards, FPO AE 11869","4406739267"
508,"Richardson, Young and Lee","4585 Mendez Ville, Morenofurt, AL 27385",(592)709-5925x1
509,Lin LLC,"4560 Evans Dam, North Danielleberg, ID 49838",+1-897-890-3420
510,Mcgee Inc,"USCGC Mcpherson, FPO AP 91484","577.730.2041x64"
511,Morris PLC,"47885 Roberts Knolls Suite 528, Johnmouth, MA 08914","945.413.9304x42"
512,Robinson LLC,"340 Lee Villages, Lake Juliashire, AZ 16320",(953)410-3077x5
513,"Harris, Smith and Hernandez","9972 Young Hill Suite 322, Port Tony, IN 29478","676.896.3991x15"
514,Lowe-Padilla,"546 Rachel Meadow, Stevenshire, NY 91265","001-858-346-589"
515,Henderson-Howell,"68730 Jensen Rapids Suite 092, Ericbury, MH 87530",(966)625-3730
516,Wilcox LLC,"302 John Mountains, Kelleyborough, FM 50942","227.889.9485x04"
517,Webster-Mason,"844 Gutierrez Stravenue, New Jeremy, RI 15974",+1-871-293-5905
518,Melendez Inc,"USS Barnes, FPO AA 97432",(562)783-6393x3
519,Frank-Schaefer,"6808 Taylor Plains, North Christinamouth, SD 26740",(885)853-0320x6
520,Williams Ltd,"7373 Stevens Roads, North Jacobton, AZ 56913",+1-614-637-9382
521,"King, Green and Garcia","989 Graham Shoal, South Brian, UT 09589",+1-572-442-7087
522,"Cummings, Kent and Hughes","7418 Weaver Tunnel Suite 137, South Katrina, WV 38799","7019196465"
523,"Gonzalez, Figueroa and Mercado","908 Davis Burg, Matthewsstad, CA 41554",(760)333-5462
524,Summers-Garcia,"457 Edwards Ferry, Blairport, AZ 04082","001-488-781-960"
525,Ramirez Ltd,"0826 Garcia Mission Apt. 944, Johnathanfort, GU 67735",+1-530-611-1200
526,Robinson LLC,"PSC 0075, Box 2747, APO AA 09010",(795)277-3244x5
527,"Banks, Bond and Anderson","802 Gene Place Suite 799, Fitzpatrickberg, DE 24812",(397)320-3999
528,"White, Wilson and Williams","1187 Hartman Creek Apt. 251, North Jennifer, FM 60195","952.799.1701"
529,Cooper-Lester,"3803 Jonathan Junction, Robinfurt, SC 18228",+1-851-399-8186
530,"Jones, Smith and Henderson","358 Barnes Lake, South Rachelhaven, DE 20799",+1-510-435-5714
531,"Coleman, Marshall and Shelton","73594 Suarez Fort, Matthewmouth, PW 61064","001-204-937-047"
532,Henderson Ltd,"USS Cooke, FPO AP 72052","001-550-629-442"
533,Jenkins and Sons,"5927 Andrew Freeway, East Samanthaview, IA 43468",(614)846-8027x9
534,"Choi, Tate and Wright","USCGC Burns, FPO AE 89321","6154727996"
535,Barnes-George,"94465 Hall Mission, Codyside, VI 90196","667-956-1193x59"
536,"Lang, Nelson and Calderon","35168 John Dam, South Sherry, MT 01531","857.444.0086"
537,"Rodriguez, Garcia and Reeves","8801 Brown Oval, Powellton, ND 99399","301-483-9252x66"
538,Frazier Inc,"51363 Karen Village, Margaretstad, DE 62219","790.533.3999"
539,"Mercer, Collins and Ward","2604 Jacqueline Ranch, East Michellestad, LA 96610","225-327-3695"
540,Mason-Gonzalez,"8155 Robin Stravenue Apt. 784, Port Megan, SC 34687","577-445-2848x62"
541,Hall-Lopez,"8345 Anthony Crossroad Suite 115, Gonzaleztown, UT 77443","804-837-2811x15"
542,Glass Inc,"Unit 5754 Box 3793, DPO AP 84985","001-305-971-219"
543,Taylor PLC,"733 White Vista Apt. 437, East Bradleymouth, UT 18012","636-895-0172x11"
544,Flores-Bass,"33232 Rogers Camp, Baileychester, ID 39794","001-477-819-294"
545,"Arias, Turner and Hernandez","1719 Gross Walks, East Maria, SC 00967","392-273-4526"
546,Snyder Ltd,"Unit 1026 Box 4816, DPO AA 60152","001-790-535-310"
547,Jones-Harris,"13804 Levy Pike, West Jay, KY 39708","403.890.0176x62"
548,Boone PLC,"512 Suarez Spur Suite 050, Smithhaven, OR 07999","001-845-293-737"
549,Alexander Ltd,"5194 Taylor Plains, Melissaville, DE 84880","680-545-5124"
550,Thomas-Peters,"516 Powell Ports, Brownborough, VI 72241","001-950-967-788"
551,Burns-Lamb,"7022 Christina Skyway Suite 258, South Tyler, AR 13191",(781)983-8643x0
552,Curry-Rodriguez,"Unit 6876 Box 8990, DPO AA 42967",(945)540-0711x3
553,Osborne-Hill,"2707 Phillips Extension Suite 193, Zacharyview, MO 15457","4692427557"
554,Henson-Hoffman,"85342 Joseph Rue Suite 895, Javiermouth, AS 54876",(259)770-8871x9
555,Baker LLC,"9697 Hancock Spurs Suite 851, East Jillianshire, NJ 76674","001-929-762-050"
556,Webb PLC,"9801 Kevin Estates, West Elizabethland, MI 12037",(574)954-7188
557,Harper-Carson,"06243 Julie Stravenue Apt. 603, East Matthewberg, VI 97198",+1-336-476-0743
558,"Marshall, Robertson and Frederick","67338 Gina Roads Apt. 994, Port Keithside, NM 97754","8698204088"
559,Mcclure LLC,"709 Robert Stravenue Apt. 570, North Timothy, SD 00984","237-941-1709x97"
560,Miller-Hayes,"3729 Park Roads Apt. 450, Port Emilyberg, FM 39170","245-854-2114x35"
561,"Robinson, Dalton and Garcia","8954 Alexander Prairie Suite 433, Medinatown, AS 65280","626.735.4192x28"
562,"Powell, Norton and Sanchez","90298 Clark Island, Lake Brittany, DC 29500","596.442.2610x15"
563,Lopez-Barton,"PSC 0724, Box 5695, APO AP 80279","634-878-3180"
564,"Pruitt, Bradley and Henderson","USNS Parsons, FPO AA 92549","001-227-606-119"
565,Greer-Macias,"07596 Henry Port, East Jamesstad, MP 65546",(446)952-0741x2
566,Robinson-Flynn,"PSC 9967, Box 1715, APO AP 51715","214.648.0761x38"
567,Garcia Ltd,"6247 Patrick Keys, South Jasonburgh, OH 41722","9514939551"
568,Hill-Graves,"47434 Odonnell Mission Suite 647, Lake Alexandra, WV 33961","7423227982"
569,"Haley, Rose and Wheeler","6379 John Glens Suite 861, Mooremouth, KY 87832","001-504-694-957"
570,Smith Inc,"13860 Wright Extension Suite 653, Joelberg, MD 46236","001-547-855-135"
571,"Williams, Wise and Gonzalez","39555 Johnson Grove Suite 563, Juarezmouth, VT 41521","001-953-338-621"
572,Clark Ltd,"643 Joan Burgs, Frenchchester, CT 69001","969.617.3567x89"
573,"Whitaker, Herrera and Jones","74702 Shane Crescent, West Michelleburgh, OR 53949","683-603-8196"
574,"Johnson, Olsen and Thompson","PSC 6638, Box 9512, APO AA 54693","3925507053"
575,Kramer-Moreno,"549 Tucker Neck, Erinside, FL 99808",(999)642-2660x6
576,Ward-Vaughn,"475 Jones Tunnel, Natalieport, MD 16575","494-848-6720"
577,Williams Group,"55705 Frazier Mountain Apt. 626, East Scott, GA 23795","456-720-7979x39"
578,Lewis LLC,"63117 Mark Drive Suite 515, New Jason, MO 41282",(416)317-1525x1
579,Burns Group,"54549 Williams Corner, Amyhaven, HI 06726","305-219-1323x91"
580,Gibbs PLC,"738 Barbara Glens, South Douglasborough, KY 34585","001-208-538-946"
581,"Duke, Bell and Long","45916 Day Park, West Lonnie, VA 23178",(633)904-8120x3
582,"Rice, Carr and Cross","1833 Hernandez Forks, Mooreborough, DC 74052","001-447-424-648"
583,"Vazquez, Miller and Becker","45289 Steven Mountain Apt. 857, East Shannon, OK 87175",+1-572-372-6357
584,Liu Ltd,"076 Frazier Springs, Rivasview, UT 49445","806.957.8670x27"
585,"Sparks, Daniels and Hunt","3612 Denise Parks Suite 954, Galvanport, NJ 02145","001-296-831-085"
586,Norton LLC,"444 Gentry Well Apt. 407, Russellborough, NC 52841","869-494-6775x08"
587,Johnson-Stevens,"USNS Oconnor, FPO AE 12544","681.423.9395"
588,Ford Inc,"10413 Gentry Island Suite 768, Fordmouth, NC 29390","321-648-7079x29"
589,Collins LLC,"794 Juan Brooks, Kimberlyport, MD 32960","001-928-916-774"
590,"Kennedy, King and Hill","1144 Maria Crest, Hoffmanstad, AZ 81849",(236)919-1060
591,"Harris, Cardenas and Mora","73941 Flynn Heights, Edwardsbury, IA 10725","550.344.1202x02"
592,Hamilton-Jimenez,"5552 Brittany Vista Apt. 723, Cookburgh, NC 07645",+1-625-311-3464
593,"Jones, Jones and Taylor","78863 Bobby Ramp Apt. 566, Hernandezberg, ID 12750",(936)239-9382
594,Moreno-Campbell,"Unit 4523 Box 4362, DPO AP 15744",+1-518-544-3661
595,"Hernandez, Yang and Salazar","625 Chavez Canyon Apt. 702, South Tracyfort, AL 36505",+1-394-850-9808
596,"Boone, Haley and Sexton","26035 Robert Plain, Erinstad, MD 56088","835.327.2064"
597,Hubbard-Galvan,"73601 Murphy Square Apt. 956, North Tom, NC 75839","206.501.5348"
598,Ferguson Inc,"898 Derrick Terrace, Robinsontown, MO 31964",(540)937-7319
599,"Morgan, Shaw and Owen","803 Perry Highway Suite 035, East Sonyachester, NC 28695","880-748-9066"
600,Peterson and Sons,"93658 Christopher Corners Suite 583, Pittsview, OH 58992",(257)687-0369x1
601,Durham-Hardy,"9079 Jacob Station Apt. 570, New Wendyhaven, CA 79277",+1-525-282-8947
602,"Wood, Collins and Green","9660 Andrew Plains, Alvaradofort, IN 39454","877.452.0344"
603,Johnson Inc,"1687 Chloe Rapid, South Antonio, FM 54043","001-408-362-246"
604,"Morgan, Martinez and Campbell","918 David Mews Apt. 545, Jeffreybury, WV 25473","001-510-869-054"
605,"Ward, Roman and Bruce","758 Jose Dam Apt. 612, Port Jameston, GA 95691",+1-897-579-8698
606,Gibson and Sons,"1008 Jason Path Apt. 869, Port Meredith, AL 38227",+1-888-732-0073
607,Molina and Sons,"Unit 9017 Box 6552, DPO AA 65941","339-545-0188"
608,Rogers-Chen,"663 Jorge Stream Apt. 420, South Ryan, CA 16830","650.798.7783x66"
609,Smith Ltd,"12206 Emily Inlet, Gordonborough, LA 07917","4123139335"
610,Reeves-Campos,"0223 Timothy Squares Suite 723, West Kurtmouth, AR 61546","3558411071"
611,Ochoa PLC,"91581 Hannah Shore Suite 010, Dawnville, AS 88943",+1-483-579-4317
612,Scott Group,"814 Hubbard Common Suite 911, Ashleyfurt, AL 63377","972-701-1621"
613,Garcia PLC,"1620 Julie Plaza, New Moniqueport, LA 71655","001-769-910-586"
614,"Hogan, Gonzales and Mccoy","437 Fowler Highway, Lisaport, AL 39506",(950)519-2576
615,Castro Ltd,"USCGC Green, FPO AA 29581",+1-592-703-0806
616,Hudson LLC,"3674 Dale Rest, Lake Dwayne, MO 44089",(252)855-0691x0
617,Williams-Garcia,"USCGC Parker, FPO AA 74807","395.908.6066x52"
618,Miller PLC,"577 Lynn Causeway Suite 409, North Rebeccaland, TN 59278",+1-435-480-6684
619,Smith LLC,"49997 Jillian Lane, West Christopher, FL 36000",(532)745-3287x0
620,Mcgrath LLC,"Unit 0376 Box 8650, DPO AE 50496","001-967-810-089"
621,Garcia-Evans,"35555 William Forks, Traceychester, WV 07715","3885880983"
622,"Patterson, Duffy and Garrett","02178 Tucker Manor Apt. 587, New Benjaminmouth, NM 16253","868-932-4579x32"
623,Williams-Mcmillan,"107 Hunter Hollow Suite 076, Timothyburgh, IA 94863",+1-670-252-5379
624,"Crawford, Gates and Medina","9016 Jones Circles, New Kevin, ME 02163",+1-286-495-6508
625,Proctor LLC,"425 Perkins Turnpike Apt. 854, Lake Rachelland, OK 11194",+1-388-492-7246
626,Jacobs-Hill,"4061 Charlene Dam Apt. 081, Adkinshaven, VT 79265","001-936-332-715"
627,"Smith, Mcbride and Gray","31404 Joseph Vista, Jonesmouth, ME 02821",(848)681-8751x7
628,"Rivera, Brown and Davis","8876 Ellis Parkways Apt. 108, Barnesberg, TN 01644","651.558.0206x20"
629,Mcdowell Inc,"8522 Carroll Port Suite 746, East Jessica, AR 60230",+1-846-697-7099
630,Randolph-Morrison,"USNS Hall, FPO AE 89943","001-570-526-865"
631,"Simmons, Levy and Erickson","816 Michael Alley Apt. 453, Robinview, VI 30637",(405)664-6852x1
632,Smith Inc,"206 Walker Valleys, Port Scottfort, AK 92023",+1-783-650-8486
633,"Aguilar, Harris and Freeman","5036 Abigail Fort Apt. 847, Andersonmouth, MD 65204","262.877.0451x08"
634,Gomez PLC,"9800 Grimes Estate Apt. 811, West Mary, NY 78513",(770)396-2730x0
635,Anderson LLC,"9041 French Via Suite 860, Thomasport, NY 66849",(201)923-6241x1
636,Smith LLC,"2399 Stone Key Suite 650, Millerchester, AZ 20360","7129310380"
637,"Oneal, Soto and Garcia","393 James Cliffs Suite 924, Port Nathan, NY 13573",(445)759-4319
638,Elliott-Martin,"54948 Jacob Shoals, Maysland, AS 76420","637-311-7531"
639,"Bailey, Garner and Wright","63677 Melissa Forest Apt. 108, Kingfort, OR 62059","403-250-8881x90"
640,Barrett PLC,"PSC 9864, Box 3100, APO AE 82890","911.618.3576x13"
641,Cross-Knapp,"4627 Steven Row, Edwardton, WV 95358","4866716566"
642,"Newton, Decker and Stewart","697 Colleen Trail Suite 644, Port Crystal, SD 57983","001-960-742-134"
643,"Lambert, Lara and Jones","025 Goodman Circle, West Sean, LA 50214",+1-620-796-5145
644,White Inc,"65597 Steven Valley, Port Allisonland, AR 18698",+1-425-440-6948
645,Cook Ltd,"4280 Brent Estate, West David, AR 58006",(562)488-7488x5
646,Medina LLC,"8351 Angela Track, North Kelly, LA 69406","502-799-2955x85"
647,Brown PLC,"800 Jones Ridge Suite 561, South Laurieview, KS 46160",+1-353-787-0440
648,"Hernandez, Peck and Flores","486 Rodriguez Common, Marieshire, OH 83983",(882)338-9440
649,Bell Inc,"77890 Susan Oval Suite 370, North Kimhaven, WV 75320","463-523-2850x66"
650,"Montgomery, Gonzales and Taylor","PSC 9543, Box 1190, APO AE 29952","001-947-946-758"
651,Roberts-Jones,"720 Sanchez Underpass Suite 305, Baxterview, SD 31441","669-697-5844x16"
652,Fitzgerald Inc,"25789 Jessica Walk Apt. 943, East Stephen, VI 06927",(389)941-0468x6
653,"Barnett, Jimenez and Williams","Unit 8260 Box 7013, DPO AA 82886",+1-801-209-2347
654,Monroe Group,"1137 Marc Overpass Apt. 386, West Heatherbury, ID 49107","3517481863"
655,Ruiz Ltd,"9979 Hernandez Glens, Amandafort, NV 83487",+1-563-607-6060
656,Clark PLC,"065 Daniel Lodge, West Brandon, MS 13793","577.990.9928x65"
657,"Davis, Steele and Cummings","1855 Morton Squares, Coryside, WY 21632","739.993.6455x89"
658,"Sexton, Schneider and Edwards","52498 Daniel Camp Suite 249, Jenniferport, NV 56964",(675)524-2354
659,Lane Ltd,"1808 Smith Inlet, Tracyfurt, ME 76837","001-596-233-402"
660,Greene LLC,"4862 Nicholas Inlet Apt. 331, Lake Lauren, TX 09074","001-958-575-994"
661,Montgomery Inc,"9517 Arthur Union, Tinaberg, IN 63816","808-464-8234"
662,Smith Group,"8155 Gordon Knoll, Thomasland, IN 18423","001-654-725-509"
663,"Patrick, Davis and Chen","4603 Baker Grove Apt. 943, Jasontown, IA 25708","207.295.0946x53"
664,Cook Ltd,"2630 Henry View Suite 000, Justintown, AR 83770","001-670-224-720"
665,"Barrera, Ibarra and Diaz","565 Andrew Keys, Jeremiahhaven, DC 89699","001-769-781-279"
666,Dean-Jackson,"69373 Kelsey Pines Suite 767, Deanfort, GU 88150","7809173872"
667,Wallace-Williams,"42116 Nancy Mountain, North Kimberlyhaven, TX 01584",(744)720-0722x7
668,"Lee, Leon and Bean","7042 Cruz Circles Suite 853, Jamestown, KS 70766","794-936-4762x54"
669,"Erickson, Russo and Swanson","1987 David Cliffs Apt. 276, Martinville, MH 02518","001-463-531-618"
670,Cruz Ltd,"35979 Bautista Well Suite 307, Derrickmouth, MS 88936",(584)315-1478x0
671,Stone-Holden,"7233 Jenkins Loaf, Lake Adam, FL 50198",(427)598-2135x3
672,"Oneill, Clark and Hancock","0193 Curtis Ways Suite 824, South Sandraville, FL 89153","6562682734"
673,Smith-Valentine,"2721 Robin Wells, Port Ryan, RI 02206","310.914.5541"
674,"Pham, Calhoun and Simon","423 Jennifer Greens Apt. 730, Matthewshire, NC 37646","234-240-9966x59"
675,Williams-Gutierrez,"PSC 2802, Box 8607, APO AE 07706",+1-749-311-1139
676,Chavez-Jacobs,"59040 Thompson Avenue Suite 547, Stephenshaven, GA 65647","973-402-2201x61"
677,Barnett PLC,"37655 Jessica Flats Suite 417, Rhondabury, VA 83288","831-370-5366"
678,"Tapia, Orozco and Clark","255 Robinson Overpass, Karentown, MI 44399","8104549038"
679,"Walker, Smith and Wilson","3027 Brown Crescent Suite 544, New Allen, AS 53580",+1-739-785-8924
680,Cook and Sons,"283 Crystal Trafficway, Johnfort, MT 98159","529-924-3821"
681,Jennings Group,"PSC 8442, Box 3989, APO AA 02426",(919)878-6790
682,"Duke, Lara and Berry","Unit 8359 Box 7161, DPO AP 03679",+1-665-508-4253
683,Bennett Ltd,"0523 Cole Oval Suite 727, New Edwardfurt, OR 27110","864.405.9993"
684,Harris Inc,"242 Cole Drive Apt. 486, North Jerry, PW 50285","714.457.2873x99"
685,Myers Group,"65694 Angela Island, East Kerryfort, LA 10194","001-255-404-633"
686,Williams LLC,"127 Ortiz Pines, South Williamfurt, KS 54378",+1-763-383-8204
687,Cooper Group,"6014 Benjamin Ports, New Scott, GA 90690",+1-391-269-7984
688,Williams Ltd,"269 Logan Pike Apt. 240, Mcdowellton, VT 80588","400-412-5661x16"
689,"Davis, Gonzalez and Kirby","119 Catherine Fords, West Brianfurt, MT 25576","869.982.2779"
690,Lynch Group,"3613 Juarez Avenue Suite 443, Hayesborough, KY 26319","823-466-0751x68"
691,"Webb, Thompson and Stephens","335 Michael Radial Suite 565, Dominguezbury, NE 90417",(972)999-0191x9
692,Buck PLC,"979 Catherine Pike Apt. 737, New Andrew, NJ 95834",(932)399-0346x6
693,Rodriguez-Hunt,"29423 Andres Pike Suite 442, South Sharon, IL 85072","650.718.6796x01"
694,Fisher-Campbell,"625 Robinson Key Suite 311, Alexandertown, ND 13570","989.611.6011"
695,Jones Inc,"438 Jose Expressway, West Margaretchester, AK 64877","001-481-605-721"
696,Kemp Inc,"949 Bailey Stravenue, East Patricialand, MI 30318",+1-476-427-6529
697,Martin Ltd,"851 Sarah Throughway, Sheriville, NC 87908","992-862-4837"
698,Banks PLC,"4294 Robert Ferry, Edwardsberg, MI 87927","001-757-616-749"
699,Miller-Archer,"0825 Paul Shore Suite 783, New Teresa, MH 07724","768.660.0570"
700,"Collins, Rice and Dixon","5277 Walsh Manor Suite 117, Mcintoshchester, OR 88236","354.780.1835x67"
701,Sparks and Sons,"299 Soto Path Apt. 539, New Aaron, AZ 16678","282-580-4074x35"
702,"Jordan, Mclaughlin and Evans","70460 Price Alley Apt. 490, Kathrynmouth, IN 24033","849-278-3167"
703,"Miller, Miller and Phillips","USCGC Horne, FPO AE 14594","001-784-927-861"
704,Mcconnell Ltd,"3777 Scott Bridge, Dixonport, NY 84482","001-837-930-831"
705,Green-Flynn,"8879 Gallegos Rue, Juliemouth, MH 84046","247-400-5742x67"
706,Myers and Sons,"007 Buckley Trail, Allenhaven, IA 27937",(500)769-9357
707,Hoffman-Johnston,"8740 Michael Pass Apt. 056, South Patricia, CO 65944","234.937.2407x28"
708,York-Campos,"438 Robbins Trail, New Lindsey, OH 50536","823.733.1388x64"
709,Fernandez Ltd,"44944 Cobb Ramp, Port Robert, DC 79851","9269198669"
710,Scott Inc,"522 Chase Heights, Laurabury, DC 03438","915.340.6075"
711,"Chapman, Davis and Smith","738 Hale Walk Apt. 367, Karenberg, UT 09958","832-422-1383"
712,Anderson-Holden,"6839 Reed Ford Apt. 045, Robinsonburgh, NE 23762",+1-549-415-0848
713,Parrish-Stephens,"8307 Coleman Parks, South Carolport, TX 49124","001-558-312-713"
714,Hill Group,"100 Sanders Hill Suite 160, Audreyhaven, MA 14644",(614)200-4231
715,Macias and Sons,"43526 Obrien Fields Apt. 330, North Brian, DC 50126",(939)983-9293x7
716,Navarro Inc,"2549 Vaughan Camp, New Timothyhaven, SD 39278","001-804-565-558"
717,Hughes-Bennett,"7083 Hall Falls, Ashleyfurt, MA 19843",(253)570-4789
718,Finley-King,"6114 Reid Knolls Apt. 832, South Seanmouth, MS 66134","3242194793"
719,"Turner, Stout and Fletcher","534 Franklin Radial, West Kyleborough, IL 22252",(448)531-8212x0
720,"Costa, Mendoza and Hardin","2114 Joel Isle Apt. 528, South Lindsaybury, MP 49720","001-671-943-238"
721,"Burns, Hickman and Hernandez","40588 Webb Coves, Millerhaven, VA 67815","734.625.1697x24"
722,Martin Group,"203 Benitez Rapid Suite 877, West Tracyshire, TN 84654",+1-860-428-3132
723,"Harrison, Copeland and Lee","1244 Curry Greens, South Danielview, IA 94367",(478)505-0886
724,Robertson Ltd,"4868 Autumn Crossroad Apt. 503, Smithville, AS 01942","652-542-1508"
725,"Pace, Cohen and Dunn","7589 Thompson Hill Apt. 486, Martinezville, MA 76467",+1-912-889-2771
726,"Jordan, Holt and Case","3682 Brown Center, Meltonton, VT 27553","8445856632"
727,Johnson Ltd,"827 Jillian Motorway Suite 110, East William, MD 72024","937.232.8334x18"
728,"Parker, Fletcher and Arnold","147 Ortega Glen, Dawnport, MH 70899","432.546.4852x90"
729,"Williams, Jackson and Stanton","4231 Melendez Oval Apt. 110, East Cassandraberg, PW 04577","202-395-3104x47"
730,"Gonzalez, Martinez and Cruz","Unit 2705 Box 4084, DPO AP 50464","927.565.2711x90"
731,Matthews Inc,"93007 Archer Inlet Apt. 834, North Taraport, PR 85187","2609878362"
732,Fox-Edwards,"52911 Lindsey Burgs, New Alanhaven, KS 05618","577.848.6017x35"
733,"Madden, Smith and Hodge","437 Garrett Plaza, South Kelsey, ME 94947","320.906.3241"
734,Rodriguez PLC,"7581 Angela Crescent Suite 220, East Aaronbury, LA 94918","902.562.2134x16"
735,Mccarthy-Hoover,"USNS Pearson, FPO AE 80709","869-223-0514"
736,"Brown, Conrad and Deleon","07272 Glen Highway Apt. 980, Phillipsshire, OH 94919","001-462-329-114"
737,"Chambers, Gibson and Campbell","4413 Raymond Key Suite 769, Alexandraburgh, MT 63887","001-384-993-537"
738,Chavez-Kidd,"20084 Conley Isle, Lake Andrew, AK 17731","552.443.3304"
739,"Gregory, Johnson and Bridges","3509 Felicia Alley, Leonmouth, AL 96084","001-357-346-189"
740,Watson-Shaw,"262 Anderson Circle, Christineburgh, OH 72441","4359018995"
741,"Horne, Brennan and Brown","2770 Douglas Track Suite 835, Brandyfurt, MD 73604",(259)473-0786x0
742,Blair-Johnson,"USNV Solis, FPO AP 47364",+1-817-462-9757
743,Williams-Vasquez,"1289 Watson Junctions Apt. 164, South Rick, AR 35143",(270)734-7352x5
744,"Barber, Mckinney and Cruz","42353 Taylor Hollow Apt. 638, Elizabethbury, KY 01706",+1-301-700-7505
745,"Frank, Ramirez and Rubio","52959 Gray Parks, North Katie, IL 95105","4598554741"
746,Obrien Inc,"060 Charles Stream, Port Andrea, LA 38557",+1-599-994-5147
747,Thomas-Allen,"36363 Cynthia Crossroad Apt. 611, New Davidborough, OK 12106","225.484.4676x44"
748,Nelson Group,"28776 Marco Heights, East Eric, VT 38632","001-490-796-735"
749,Berry-Ferrell,"009 Conner Mission Suite 461, South Markberg, OH 38115","6728637494"
750,Jones PLC,"8477 Tyler Underpass, East Maria, AK 75958","621-564-1770"
751,Ross PLC,"27039 Jennifer Mews Suite 463, Lake Brendaland, SD 41332","239-379-4029"
752,"Robinson, Franklin and Logan","8015 Ramirez Lock Suite 863, North Rachelport, FM 55928","001-225-352-352"
753,Long-Hunt,"96115 Jennings Road, West Brandi, AS 29022","001-612-399-100"
754,Murphy-Carter,"6633 Patrick Mews Apt. 827, Lindachester, OK 89703","538-405-8520x89"
755,Vazquez-Mcknight,"43321 Schultz Ports, Cassandrafurt, ME 29455",(510)371-0857
756,Taylor-Barnes,"27822 Adam Garden, Spencerside, RI 48678","907.340.7803x60"
757,Smith-Miller,"9707 Kurt Green, North Jillian, NH 48439","001-743-874-323"
758,Nguyen and Sons,"94342 Shaffer Center Suite 891, Port Laura, GA 47969","438.436.9174x65"
759,Crawford-Levy,"6065 White Terrace Suite 819, Juliebury, WI 29694",(420)432-5729x3
760,"Taylor, Nguyen and Thomas","3667 Fox Ville Apt. 711, Lake Kristen, FL 79695","541-606-3125"
761,Salinas PLC,"9420 Kaitlyn Cove, Tinaside, NM 86190","001-266-569-894"
762,Ramirez Inc,"PSC 3153, Box 1253, APO AA 61017","001-402-910-293"
763,"Diaz, Gilmore and Simpson","06350 Stokes Summit, Taraberg, WI 36777",(670)539-2395x4
764,"Williams, Smith and Patrick","000 Edwards Streets Suite 048, East Joannastad, IL 90490",(357)520-7214
765,Booker Inc,"USS Davis, FPO AA 62385","001-841-565-509"
766,Brown Inc,"448 Katelyn Parkways, Kennethborough, GA 00520",(534)783-2012
767,"Lopez, Carroll and Powell","4418 Steven Skyway Apt. 778, Ayalafurt, CT 93537","001-608-673-235"
768,Simpson Inc,"208 Martinez Village, Winterstown, DE 11085",(202)419-0768x0
769,Robertson PLC,"0630 Michael Curve Suite 093, Edwardstown, HI 14519","512.966.6170"
770,Thomas LLC,"20820 Keith Forks Apt. 542, North Martin, VT 32562",+1-951-202-9485
771,Dodson-Petty,"40618 Harris Fall Suite 101, Annaberg, AR 82584",(252)793-4416
772,Durham-Weaver,"9855 Amber Pike, Barnettview, AZ 23395",(693)892-8216
773,"Ford, Green and Lewis","9846 Campbell Course, Port Matthewland, FL 87580","001-621-507-679"
774,Mcintyre-Lopez,"017 Clayton Freeway Apt. 686, West Timothyfurt, VA 48530","4177993051"
775,Elliott Ltd,"5159 Hill Street, Lake Richard, NE 74955","676.299.3050"
776,"Frank, Palmer and Sexton","30314 Dennis Manors, New Brandontown, DE 30557","4493966062"
777,Price-Ramirez,"346 Douglas Ranch, Franklinmouth, AR 95647","627.305.1106"
778,"Frazier, Duran and Waters","0786 Schneider Village Apt. 716, Jonathanport, PW 14550",(589)317-7911x2
779,Schmidt LLC,"PSC 5659, Box 3861, APO AA 38640","302-893-0488"
780,Sweeney Ltd,"358 Jose Ramp Apt. 439, New Stevenbury, AL 81921","001-456-957-275"
781,Adams-Gray,"2162 Nash Ville, East Danny, SC 79616",(302)838-2401
782,Rodriguez LLC,"27762 Stephanie Station, Port Tammyberg, MT 31784","3388247511"
783,Hunter Group,"PSC 3188, Box 6383, APO AA 90421",+1-338-245-6591
784,Wilkerson-Orr,"USCGC Ball, FPO AP 43423","001-363-809-853"
785,Clark LLC,"4337 Anderson Junctions, Jordanport, AK 22635",+1-312-979-5879
786,Choi-Wilson,"31401 Christopher Fall, Port Danielview, CO 92725",(966)690-7427x8
787,Martinez-Arroyo,"7863 Collins Prairie Apt. 787, North Tommy, WY 32311","207.841.1203x69"
788,"Ramos, Garcia and Thomas","42974 Ian Falls, South Whitney, ME 98940","933.724.0074x88"
789,"Phillips, Sanders and Johnson","PSC 6340, Box 0620, APO AA 61416",+1-337-669-3056
790,Harris-Lopez,"280 Stephanie Ford, Wilkinsonmouth, OK 79992",+1-526-975-3609
791,"Jones, Gonzales and Webb","482 Jesse Hills Suite 018, South Angela, MO 79358",+1-445-869-8277
792,Murray Inc,"0262 Sanchez Expressway Apt. 564, East Frankshire, MO 32728",(659)640-3211x8
793,Bauer PLC,"25115 Chase Heights, Port Donna, PR 70838","486-537-6518x85"
794,"Allen, Garner and Leonard","393 Woodard Brook Suite 709, Port Richardport, VA 09604","301.337.4003"
795,"Travis, Nguyen and Mccoy","558 Rollins Garden, New Sarah, SD 52771","5223629462"
796,Price-Ali,"81658 Wright Drive, New Donnaburgh, GU 73664","001-255-356-354"
797,Hodge-Wright,"62459 Jessica Islands, Lake Deniseborough, NM 27426","001-993-885-271"
798,Sutton-Smith,"348 Sara Inlet Apt. 082, Diazshire, ID 18524","202-399-6392x74"
799,Simmons LLC,"3332 Contreras Mount Suite 080, Kellytown, OK 51363",+1-491-452-1340
800,"Berry, Rodriguez and Hall","98562 Wolfe Ports, Port Aaron, AK 70664","7417799921"
801,"Harris, Martinez and Gallegos","USCGC Leblanc, FPO AE 87563","263.625.7207x62"
802,Gray PLC,"6325 Jesus Fields Suite 477, East Ryanfurt, NY 55231",(839)719-5682x9
803,Green-Archer,"1912 Wilson Center Apt. 853, Port Ericaville, NH 64861","001-671-784-104"
804,"House, Jacobs and Gonzales","218 Henry Curve, Willismouth, MT 45058",(416)648-4953x9
805,"Wood, Scott and Neal","Unit 2260 Box 5848, DPO AP 56807","001-535-869-268"
806,Gomez Group,"972 Dennis Ferry, Lauraton, SD 95715","001-211-564-032"
807,"Freeman, Howard and Adams","867 Johnson Club Suite 688, Garymouth, OK 71885","958-702-3485"
808,Patton Ltd,"75121 Donna Way, Gonzalezport, OR 30341",+1-492-696-2814
809,"Hernandez, Robinson and Shaw","49217 Hancock Drive, North Martinborough, NV 53964","392-353-9139"
810,"Pratt, Watts and Davis","34820 Mathews Garden Suite 658, Jeffreybury, SC 77189",+1-984-672-9729
811,"Bishop, Davis and Sanders","553 Sharon Well, Lake Johnmouth, FM 70143",+1-342-220-8867
812,Hoffman-Robinson,"23078 Levi Glen Apt. 498, Dustintown, TX 23541",+1-712-710-4333
813,Moody LLC,"9950 Michael Forest, Hannahport, WY 35628","378.672.1484"
814,Krueger Ltd,"041 Deanna Overpass, Davidview, WY 24474","241-503-0834"
815,Washington Inc,"87669 Kristin Way, Morenotown, ME 67507","001-893-669-239"
816,Johnson-Wallace,"609 Carter Plaza Apt. 887, South Karenmouth, AR 49134","433-944-3078"
817,Anderson LLC,"0444 Brandon Light, South Michele, CA 86899","248-547-9240x23"
818,Whitaker-Garcia,"191 Valerie Groves, South Jennifer, UT 78509","765-596-4466"
819,Pacheco-Porter,"52692 Reynolds Mission, Williamchester, RI 58244","823-945-0603"
820,"Kim, Jones and Hanson","228 Williams Lakes, Huntland, MA 32985","235.810.3998x69"
821,Wilcox and Sons,"USS Hunt, FPO AA 83627","556.596.8572x45"
822,Dixon Inc,"125 Powell Cove, Velasquezmouth, OR 87231",(834)381-6836
823,"Yu, Huffman and Brown","02507 Brown Grove Suite 082, North Aprilstad, NM 11957",+1-282-449-4033
824,Harding Ltd,"819 Shannon Locks Apt. 616, Morrowberg, TN 03023","389-868-7956x59"
825,"Goodwin, Johnson and Costa","441 Adams Ridges Apt. 671, Welchland, AR 18395",(904)439-9979x9
826,Clark Ltd,"4191 Glover Squares, South Susanview, ID 83895","001-639-978-231"
827,Romero and Sons,"PSC 1147, Box 6717, APO AA 74458","239.651.8739x66"
828,White Inc,"55129 Hudson Inlet, South Brittany, OH 89429","844-723-9024"
829,"Hawkins, Gonzales and Stokes","791 Davis Inlet, Carrollton, SD 12279",+1-474-816-0536
830,Wagner-Jones,"3557 Jonathan Way Suite 646, Port Thomas, MS 93866","7402264415"
831,Garcia and Sons,"472 Amanda Flats Suite 950, Christopherchester, KS 03731",(721)615-3905
832,Beck-Newman,"4086 Sonya Wall Suite 401, South Teresaport, LA 79081","001-996-414-841"
833,Roberson LLC,"7953 Chelsea Expressway, Tylerfort, UT 53940","851-675-7043"
834,Lewis-Stafford,"4461 Barrett Harbor, Hoganland, AL 21712","739-577-3948x54"
835,"Hall, Herman and Thomas","15681 Ann Row Suite 598, West Donaldville, NM 58767","326.217.8717x55"
836,"Brown, Rivas and Aguirre","768 Selena Mission Apt. 345, Colleenstad, RI 21556","962-967-0510"
837,Clark-Martinez,"Unit 8977 Box 1163, DPO AA 56073",(912)688-9501x3
838,Daugherty-Woods,"695 Antonio Wells, Port Paigeburgh, NY 99839",+1-454-725-2070
839,"Newman, Thomas and Barrett","487 Lisa Drive Suite 186, East Whitney, AZ 57721","001-521-592-206"
840,"Harris, Baird and Garrison","3561 Leslie Junctions Apt. 955, West Joshua, PW 98077","759-987-2364x73"
841,"Williams, Donovan and Gardner","Unit 1553 Box 8909, DPO AP 76959",+1-497-534-6665
842,Hunter-Miranda,"04032 Robert Branch, Craigland, MN 90162",(722)599-8354
843,"Gonzalez, Walsh and Wood","Unit 8630 Box 8576, DPO AA 09716","843-603-2743"
844,"Stephens, Perry and Sanchez","PSC 3154, Box 3726, APO AE 87407",+1-957-329-0434
845,Rodriguez-Donovan,"54178 Campbell Overpass Apt. 184, East Jessica, PR 19132","5932088254"
846,"Jones, Gilbert and Oliver","2610 Mcguire Fork Suite 150, Curtisview, MI 81318","633-648-9686x26"
847,"Payne, Green and Guerra","87754 Sarah Turnpike Suite 547, Davisport, MH 89262","326.550.7074x21"
848,"Drake, Brown and Conrad","USS Johnson, FPO AA 47174","001-781-355-996"
849,Rodriguez LLC,"745 Christina Summit Apt. 122, New Travis, FM 97888","001-288-228-164"
850,Stephens-Fuentes,"844 Jessica Crescent, South Danielleview, AK 02580","001-615-480-971"
851,Patel Group,"USNV Chase, FPO AE 15703","846-386-3674"
852,Arnold-Padilla,"329 Amanda Glens, Gomezland, AZ 83562",+1-236-606-6900
853,Rogers Inc,"7222 Jones Plaza, Longfurt, MD 69688","205.914.9998x04"
854,Diaz-Jacobson,"7985 Taylor Terrace Suite 831, New Michelle, IA 03020","509.316.5117x57"
855,Orr-Barnes,"567 Lewis Causeway Suite 134, Batesland, VA 96955",+1-211-925-4054
856,Payne-Hall,"829 Soto Points, North Davidborough, WY 27016","245-256-5190x37"
857,Ortiz Group,"29025 Patterson River Suite 685, Lake Abigailberg, FL 05545","763-472-3839x11"
858,"James, Peters and Johnson","45002 Kyle Light Suite 303, Lisafurt, GU 42572","813-329-1032x55"
859,Nguyen PLC,"9602 Tyrone Streets, North Colleen, WA 08725",(254)272-0133x7
860,Arellano Group,"52549 Collins Row Apt. 344, Davisborough, NE 17971","9418185079"
861,Duarte and Sons,"69876 Marvin Wells Suite 901, Samanthaborough, KS 33119","5554464803"
862,"Garner, King and Carter","72064 Barry Circles, Port Ericport, PW 77989","972.706.4041x34"
863,Miller and Sons,"6628 Steven Bypass, Williamshire, SD 24594","8252883924"
864,"Coleman, Kent and Tucker","235 Theodore Manors, Joestad, VA 27949",+1-357-283-2767
865,"Wood, Andrews and Norton","98208 Coleman Rest, Port Rachelville, PR 46376","279-887-8745x15"
866,King-Patterson,"6496 Kathryn Way, Kingmouth, OH 32067",+1-818-751-8553
867,Robinson Inc,"334 Hannah Square, Solisside, TX 39139","317-984-1920"
868,Carroll-Smith,"1475 Edwards Hollow Apt. 165, Tateton, ID 58271","908-583-5628"
869,"Mcmahon, Sutton and Butler","PSC 1482, Box 5818, APO AA 10913",(702)608-6769
870,Clay and Sons,"7278 Jessica Forge Suite 191, Williamsborough, MD 98393","6057101461"
871,"Maldonado, Griffin and Griffith","104 Smith Ways, Dwaynehaven, MN 92044","366-303-9698"
872,Morales Ltd,"78424 Johnson Mill Suite 292, Garciaton, MD 68328","701-640-9438x62"
873,"Torres, Gonzalez and Case","7239 Jackson Stream, West Nicholas, SD 13395","612.511.0760x83"
874,Rivera LLC,"366 Ramos Brooks Suite 688, Port Cindyside, PW 02290",+1-466-874-0979
875,"Green, Rivera and Simpson","0702 Alexis Oval, New Jamieburgh, ND 43467",(993)899-0331
876,Brady Ltd,"90286 Watts Valley Apt. 733, Carolton, MP 60153","413-813-9128x39"
877,"Sanchez, Schmidt and Barrett","625 King Plains Suite 924, Wilsonmouth, PW 10264","001-539-689-134"
878,Reed-Chen,"USS Nolan, FPO AA 96848","446-561-7746"
879,"Gilbert, Harris and Burgess","1624 Lee Mills, Kimton, OH 76180",+1-491-870-4071
880,Fisher-George,"863 Chad Mountain, Lambertmouth, AL 77062","445-887-1757"
881,Curtis Group,"4025 Isabella Pass, East Jenniferstad, DC 63346","898.920.7081x71"
882,Edwards Ltd,"5278 Seth Points Suite 614, New Francisview, MD 05227","486-270-1578"
883,"Hayes, Gray and Sims","1245 Hart Valley, Cindybury, WV 88949","245.431.5863"
884,Henderson-Walker,"40751 Lucero Causeway Suite 301, Kyletown, NY 62863","230.597.2174"
885,"Cook, Anderson and Smith","41251 Mitchell Ville Suite 943, Wilsonbury, PR 41978","715-753-0634"
886,"Walsh, Lambert and King","1505 Timothy Station Suite 937, Hayesborough, WV 62489","400.567.0731x62"
887,Snyder-Austin,"36493 Anderson Burgs, Timothyhaven, OH 35673",(218)860-8920
888,"Davis, Cunningham and Jennings","26037 Bernard Roads Apt. 283, Robertshire, MN 27478",(785)732-5516
889,Campbell Inc,"741 Mora Mount Suite 837, Krystalhaven, WY 71949",(266)796-1693
890,"Padilla, Williams and Reid","8120 Kennedy Mountains Apt. 726, Dickersonborough, PW 90682",(894)866-8246
891,"Alvarado, Thomas and Young","577 Billy Pine Apt. 077, East Masonview, IL 01136","515.278.4530x07"
892,Jones-Nelson,"91113 Fowler Plains, New Angela, OR 93111","001-331-447-059"
893,Flowers-Cobb,"9864 Anderson Villages, Karenville, LA 16296","674-621-6523x54"
894,Miller-Estrada,"809 Robinson Loaf, Fowlerton, NY 12209","931-796-0067x11"
895,Burns-Vazquez,"6191 Morgan Branch Apt. 621, North Cliffordview, LA 27516","763-338-2317"
896,"Montgomery, Harrison and Martinez","02175 Deleon Expressway, Mooreside, FL 93504","778.821.5499"
897,Harris-Lopez,"PSC 7016, Box 0801, APO AA 96855","695.432.1651x76"
898,Mayer-Hines,"662 Dwayne Crest, Normanstad, MO 84799","256-805-1754"
899,"Yates, Chavez and Lee","3574 Jose Wells Apt. 206, Reginachester, NJ 15469","001-416-249-360"
900,Henry-Compton,"36876 King Extension Apt. 055, Lake Jennifer, WV 90919","001-366-449-398"
901,Williams-Sharp,"530 Eric Radial, Coleport, MP 52557",(300)392-4399
902,Hall-Evans,"400 Smith Keys, Contrerasstad, NE 55560","001-818-801-201"
903,"Stewart, Patel and Garcia","USNV Fox, FPO AA 44228","589-737-1141x94"
904,Porter Group,"5809 Alejandro Stream Suite 986, Michaelview, SD 54227",(247)722-5593x5
905,Hill Ltd,"6165 Williams Expressway, Michaelport, MH 83868","250.251.9820"
906,Ellis PLC,"5636 Joshua Ferry, Mcguireburgh, OK 62468",+1-502-525-8396
907,"James, Morgan and Chen","6459 Allison Skyway Apt. 867, Wendyborough, AS 85029",(819)442-3429
908,Moran Ltd,"17491 Griffin Union Apt. 567, New Tammyburgh, NC 49340","795.225.8276x37"
909,Jacobs-Silva,"65573 Gomez Expressway, North Stacystad, WV 92738","5004853149"
910,Noble Inc,"685 Turner Landing Suite 790, New Barry, NE 47481","5932519729"
911,Warner-Martin,"152 Danielle Orchard, New Michaelhaven, SD 32506","846-772-2332x78"
912,Marshall-Manning,"753 Roberta Gateway Suite 254, North Theresafurt, MI 22575",(205)913-2277
913,"Clark, Pearson and Byrd","761 Alexandra Fork, South Bryanfurt, NM 15454","533-982-8330"
914,Phillips-Mclean,"3524 Campbell Gardens Apt. 741, Rachelhaven, NJ 76182",(683)505-4608x7
915,Lewis-Wolf,"80232 Garcia Canyon Apt. 854, Elliottmouth, NM 03573","427-242-1322"
916,"Blankenship, Collins and Mckenzie","952 Allison Shoal, Raymondville, LA 73857","580.773.1595"
917,"Ray, Valentine and Cook","7886 Danielle Spring Apt. 145, Lake Alejandromouth, VI 90563","960.342.1460"
918,Long Group,"USCGC Thompson, FPO AP 77682","001-444-999-844"
919,"Scott, Miller and Moreno","6660 Perez Loop Suite 179, West Stephanie, TN 78727","2466177479"
920,"Curtis, Dennis and Holt","Unit 8460 Box 8292, DPO AE 21189","358-560-5963"
921,Lynn Group,"874 Brenda Loaf, North Joseph, MH 46640","001-464-227-241"
922,Farmer Ltd,"63471 John Overpass, Lake Josephfurt, RI 91735",(475)825-3161x1
923,Rivera-Stewart,"925 Michael Flats Apt. 849, East Alextown, LA 78504","630-504-3933"
924,Nguyen and Sons,"4197 White Junction, Joshuachester, NH 20705","8775830573"
925,Howard-Ruiz,"133 Marc Green Apt. 489, East Teresaberg, NY 75566","8585446906"
926,"Clements, Davis and Oliver","69143 Williams Mill Apt. 912, Rebeccastad, VA 43433","265.768.8559x02"
927,King-Noble,"58538 Charles Extensions, West Jessicaberg, RI 65587",(274)759-1913x7
928,"Marquez, Bell and Meyer","2231 Corey Terrace, Haynesmouth, PA 69710",(286)468-9927x3
929,Stanley and Sons,"371 Richardson Vista Suite 768, Jonathanburgh, SD 06850","608-704-2148"
930,Taylor-Clark,"4673 Santiago Cliff, West Frankview, VI 81362","001-505-613-669"
931,Decker-Bowman,"36033 Michael Plains Suite 712, Port Leslie, UT 91426",(983)721-5681
932,Lowe-Porter,"289 Sandra Groves, Nataliefurt, NV 77047",(571)831-0638x8
933,Gibson Ltd,"61411 Erik Cliffs Apt. 127, West Nancyville, IA 59468","001-663-653-352"
934,Benson LLC,"4912 Long Land Apt. 475, East Michellemouth, KY 37116",+1-355-388-2125
935,"Case, Petty and Bailey","29573 Charlotte Freeway, Emilyburgh, MD 36144","839.613.1315x12"
936,Mullen-Love,"USCGC Smith, FPO AE 43757","389-892-3625x24"
937,"Love, Pierce and Simmons","594 Adams Well Suite 782, Lake Jamesside, DE 71717",(604)280-1103
938,Donovan-Garcia,"097 Anthony Ridge Apt. 201, Bishopborough, WI 10069","3173625154"
939,"Garcia, Mason and Parker","1668 Richard Expressway Apt. 468, Melissaberg, SD 58811","312.652.5531x78"
940,Cabrera-Mckinney,"80828 Drake Via Suite 522, North Charles, AR 06475",(326)563-9202x5
941,Christian-Robinson,"339 Erin Walks, East Anthony, MS 54542","517.909.0414"
942,"Hall, Thompson and Hicks","3779 Helen Stream Suite 180, Justinburgh, HI 16327","547-507-5476x95"
943,"Cameron, Knight and Sims","3624 Mckay Shore Suite 255, West Kathryn, PA 07044",+1-632-549-2350
944,"Meyers, Acosta and Snyder","004 Hopkins Wall, North Dawn, ID 86837",(678)505-4161x6
945,"Moore, Lara and Cohen","997 Jessica Burg Suite 561, Kathleenborough, VT 72139",+1-447-594-4108
946,Ortiz-Byrd,"80888 Terry Springs Apt. 764, Lake James, AK 34590","5222218256"
947,"Terrell, Smith and Mayer","12114 Prince Fords Suite 482, Turnerland, NV 90106",(410)384-7138
948,Francis Group,"USNS Taylor, FPO AA 55412","887-457-9222"
949,Robinson LLC,"17521 Johnson Wells Suite 333, Snyderborough, NV 28334",+1-965-622-0368
950,Jones Inc,"PSC 1354, Box 8050, APO AP 56678","982.510.8466"
951,Bowman Group,"320 Ashley Pass, East Nicholeside, NM 11032","001-749-643-906"
952,French-Murphy,"PSC 0604, Box 2547, APO AA 05069",(396)942-2120x1
953,Keller Group,"8651 Angela Brooks, Port Toni, UT 43631",(476)651-2963x1
954,Vasquez PLC,"0436 Ronald Knoll, New Tonyafurt, MS 27610","001-497-535-283"
955,Jones and Sons,"833 Stewart Club, Murphyborough, VT 72351","001-423-913-667"
956,Williams Ltd,"5610 Russo Harbor, South Marcuston, HI 77595","918-246-2332x06"
957,Adams-Robertson,"2008 Gary Landing, Samuelstad, MP 98143","811-388-7547"
958,Simpson Ltd,"740 John Junction Apt. 266, Robertbury, IN 59289","6925767410"
959,Walker-Johnson,"312 Kenneth Inlet, North Alejandroshire, FL 56054",+1-776-739-6887
960,Taylor-Watts,"82898 Ariel Mountain, East Maryhaven, KY 37883",(667)495-0871x6
961,Phillips-Williams,"7826 Wilson Greens, North Kristintown, WI 05058","882-699-8743x03"
962,King Group,"419 Smith Ridges Apt. 992, South Caitlinland, NC 48552","2709617113"
963,Fernandez-Gregory,"1627 Katherine Shores Apt. 140, Ashleyshire, MT 03347",+1-274-799-1545
964,Mendoza Inc,"4729 Hodges Throughway Apt. 307, Clarkland, MP 88825","001-605-792-023"
965,"Anderson, Peterson and Harris","96200 Matthew Greens Suite 723, East Kathryn, MP 80363","767-937-1425"
966,Kennedy-Reeves,"79136 Shawn Coves, Lopezburgh, OK 60152",(780)859-0876x9
967,Miles Inc,"Unit 0047 Box 4125, DPO AP 05607","911-858-8681x44"
968,Wolfe-Morris,"7243 Nathaniel Rapid Suite 339, Vincentfort, ID 61104","001-678-405-167"
969,"Kelley, Simmons and Brown","2210 Jessica Stream Apt. 435, Tomburgh, GA 48650","302-227-5546x74"
970,"Miller, Weaver and Hernandez","27036 Alexis Station, Laurenberg, IL 79429",(752)975-5295x7
971,"Sims, Warren and Fisher","4695 Carter Wells Apt. 811, Brianshire, UT 87535","756-230-1359x86"
972,Davis and Sons,"067 Duncan Crest, Robertside, AZ 55711",(330)394-0084x7
973,Lopez and Sons,"74861 Eric Point Suite 850, Port Elizabeth, WY 91087",+1-582-963-6235
974,Cox-Miles,"3760 Pennington Way, West John, WI 51997","464-237-7752x53"
975,Bentley-Thomas,"78789 Jacobs Canyon, Woodborough, CT 53658","838.857.8763x56"
976,Gregory and Sons,"051 Webb Rapids, New Christopher, MT 23981",(296)855-1023
977,Carney Ltd,"8617 Chavez Inlet Apt. 519, Tylerport, WV 13608","541-966-1395x42"
978,Maldonado and Sons,"7500 Gutierrez Plain, South Nicoleshire, PW 87356",+1-632-586-2314
979,Wagner Group,"25169 Carolyn Forest, Sloanborough, MH 70772","001-896-487-946"
980,Kelley-Mathews,"205 Bean Drives Apt. 756, Bryanfort, KS 68320","267.319.0179"
981,Cruz-Miller,"3373 Montoya Squares, West Manuelmouth, NM 06100","746.959.2122x76"
982,Clark-English,"47615 Russell Ridges, Jameston, PR 25906","750.514.9433"
983,Perry Inc,"651 Burnett Shoals, New Angelicamouth, MP 96897","6818559745"
984,Horton Group,"0188 Bean Loop Suite 390, Robinhaven, FL 28997","580.583.7598x15"
985,Francis-Williams,"47558 Steven Hill Apt. 047, Morrisstad, NJ 56532","369-204-1748x50"
986,"Morrison, Randall and Cummings","19375 Thomas Way, Patriciabury, WY 44897",(488)429-5195x9
987,Carter Group,"824 Osborn Radial Apt. 729, Valerieview, MO 69615","365-974-6190"
988,Perkins and Sons,"3940 Angela Forks, North Jared, ND 72805","740.991.6210"
989,Montgomery-Hall,"3907 Burgess Fort Apt. 183, South Clairehaven, CO 39793","618.301.2641"
990,"Simmons, Williams and Andrade","2729 Weaver Mount, Joshuashire, ND 07694","258-985-8607x62"
991,Davis-Simon,"66888 Martinez Forges Apt. 290, Nicholasfort, WI 33637","001-596-783-264"
992,Simmons-Miller,"1634 Ashley Via Suite 034, West Christinestad, AZ 84435","001-705-821-206"
993,Perez and Sons,"626 Joyce Stream Suite 986, Erinland, MI 11532","811.704.4961"
994,Johnson Ltd,"6665 Rodgers Curve, West John, MN 82897",(310)427-6590
995,"Weaver, Martinez and Hamilton","393 Williams Rapid, New Sarah, GU 78489","554.636.8734"
996,"Castillo, Mullins and Hernandez","860 Brandon Trafficway Apt. 084, Lake Melissa, AL 76466",(906)233-3380x8
997,Adams-Schneider,"49563 Brian Manor, West Tanya, HI 76919",(535)834-6445x4
998,"Medina, Thompson and Johnson","48591 Wagner Alley Suite 354, Westchester, MD 71729",(845)315-3429x1
999,Vargas LLC,"984 Sally Hill, South Grant, AR 09591",(404)834-1977x7
1000,Myers Group,"46797 Michael Crescent, Kirbybury, GA 05202","001-893-638-372"
